{
    "optimization_history": {
        "parameters": [
            [
                1.2749941041012847,
                2.171496584900302,
                2.0527975086741805
            ]
        ],
        "loss": [
            {
                "Cross-Entropy Loss": 1.2966822024302034,
                "Custom Hybrid Loss": 0.0037488792277833305,
                "Fidelity-Based Loss": 1.298556642044095
            }
        ]
    },
    "final_result": {
        "final_parameters": [
            1.2749941041012847,
            2.171496584900302,
            2.0527975086741805
        ],
        "final_loss": 1.298556642044095
    }
}