{
    "experiment": "ECDLP_8pts_Shors",
    "backend": "ibm_torino",
    "physical_qubits": [
        103,
        124,
        93,
        56,
        128,
        51,
        74,
        44,
        34
    ],
    "shots": 8192,
    "counts": {
        "011101": 132,
        "001101": 265,
        "001110": 228,
        "000100": 296,
        "011010": 87,
        "111000": 57,
        "011111": 135,
        "011001": 92,
        "001111": 271,
        "001000": 223,
        "011100": 127,
        "100001": 124,
        "111001": 50,
        "111101": 48,
        "011011": 132,
        "011110": 121,
        "101011": 67,
        "010111": 126,
        "000001": 262,
        "000000": 225,
        "110011": 53,
        "001010": 210,
        "001001": 253,
        "000011": 233,
        "010011": 119,
        "111011": 48,
        "010010": 98,
        "001011": 208,
        "000110": 254,
        "101101": 128,
        "000101": 306,
        "100101": 111,
        "111111": 70,
        "101010": 80,
        "110110": 54,
        "100100": 102,
        "001100": 242,
        "101000": 98,
        "100111": 122,
        "100110": 105,
        "101100": 109,
        "010101": 125,
        "110000": 44,
        "010001": 113,
        "100010": 76,
        "000111": 295,
        "101001": 91,
        "111010": 41,
        "010110": 98,
        "101111": 118,
        "000010": 211,
        "110010": 38,
        "011000": 93,
        "010100": 114,
        "111100": 38,
        "110111": 47,
        "110101": 59,
        "111110": 33,
        "100000": 88,
        "100011": 104,
        "010000": 92,
        "101110": 103,
        "110001": 54,
        "110100": 46
    }
}