{
    "experiment": "ECDLP_8pts_Shors_BlochClock",
    "backend": "ibm_torino",
    "physical_qubits": [
        38,
        12,
        65,
        86,
        118,
        40,
        116,
        4,
        28
    ],
    "shots": 8192,
    "counts": {
        "110010": 144,
        "111110": 136,
        "010111": 121,
        "000011": 110,
        "010011": 125,
        "001010": 120,
        "111100": 144,
        "001011": 113,
        "111011": 114,
        "000001": 106,
        "001100": 134,
        "011110": 157,
        "011111": 153,
        "100100": 134,
        "101100": 134,
        "110110": 154,
        "001110": 137,
        "100111": 134,
        "110000": 159,
        "110001": 139,
        "000100": 125,
        "100110": 131,
        "110101": 109,
        "011010": 118,
        "110100": 121,
        "011101": 110,
        "100101": 110,
        "111001": 126,
        "100010": 126,
        "000101": 102,
        "000010": 146,
        "010001": 107,
        "010000": 156,
        "011100": 154,
        "001000": 158,
        "100001": 114,
        "101001": 116,
        "011001": 126,
        "010010": 161,
        "101000": 141,
        "110111": 144,
        "111010": 131,
        "101111": 128,
        "010110": 121,
        "101010": 127,
        "101011": 118,
        "110011": 106,
        "101110": 133,
        "010101": 111,
        "000110": 142,
        "001001": 110,
        "001101": 88,
        "100011": 114,
        "101101": 106,
        "111000": 115,
        "011000": 142,
        "100000": 145,
        "000111": 123,
        "010100": 132,
        "111101": 119,
        "000000": 115,
        "011011": 143,
        "111111": 101,
        "001111": 153
    },
    "clock_counts": {
        "1": 6370,
        "0": 1822
    }
}