[
    {
        "circuit_idx": 0,
        "counts": {
            "1011": 1033,
            "1100": 994,
            "0010": 1074,
            "0110": 1112,
            "0000": 963,
            "1101": 978,
            "1000": 944,
            "1001": 984,
            "1110": 1108,
            "0011": 1047,
            "1111": 1029,
            "0101": 1060,
            "0111": 1082,
            "0100": 957,
            "0001": 915,
            "1010": 1104
        }
    },
    {
        "circuit_idx": 1,
        "counts": {
            "0010": 1049,
            "0101": 941,
            "1101": 974,
            "0001": 932,
            "1010": 1042,
            "0110": 1126,
            "0000": 961,
            "1011": 1060,
            "1001": 896,
            "1111": 1071,
            "1100": 1027,
            "0011": 1098,
            "0100": 1069,
            "1110": 1076,
            "0111": 1114,
            "1000": 948
        }
    },
    {
        "circuit_idx": 2,
        "counts": {
            "1110": 1120,
            "1011": 1016,
            "0110": 1126,
            "0100": 1021,
            "1000": 949,
            "1100": 959,
            "1001": 949,
            "0011": 1047,
            "0001": 973,
            "1111": 1106,
            "0000": 908,
            "0111": 1151,
            "0010": 1071,
            "1101": 910,
            "0101": 1032,
            "1010": 1046
        }
    },
    {
        "circuit_idx": 3,
        "counts": {
            "0011": 1154,
            "1001": 900,
            "0100": 1009,
            "0000": 933,
            "1011": 1011,
            "1000": 908,
            "0101": 1014,
            "1010": 1079,
            "0010": 1127,
            "0110": 1157,
            "0111": 1150,
            "1111": 1013,
            "0001": 1023,
            "1101": 938,
            "1100": 904,
            "1110": 1064
        }
    },
    {
        "circuit_idx": 4,
        "counts": {
            "1110": 1043,
            "0110": 1131,
            "1010": 1001,
            "0001": 976,
            "0010": 1072,
            "0101": 1062,
            "0111": 1160,
            "1001": 950,
            "1111": 1034,
            "0011": 1116,
            "0100": 990,
            "1011": 1072,
            "0000": 1048,
            "1100": 923,
            "1000": 873,
            "1101": 933
        }
    },
    {
        "circuit_idx": 5,
        "counts": {
            "0000": 940,
            "0110": 1143,
            "1010": 984,
            "1001": 961,
            "0010": 1063,
            "0111": 1044,
            "1110": 1113,
            "0001": 1007,
            "1101": 993,
            "0011": 1076,
            "0100": 999,
            "1100": 987,
            "1011": 1025,
            "1000": 946,
            "1111": 1043,
            "0101": 1060
        }
    },
    {
        "circuit_idx": 6,
        "counts": {
            "1000": 3550,
            "0010": 3887,
            "1010": 3802,
            "0000": 3630,
            "0110": 217,
            "0001": 156,
            "0100": 186,
            "1100": 205,
            "1001": 150,
            "0011": 185,
            "0101": 12,
            "1011": 188,
            "1110": 189,
            "0111": 15,
            "1111": 8,
            "1101": 4
        }
    },
    {
        "circuit_idx": 7,
        "counts": {
            "1010": 3903,
            "1000": 3643,
            "0100": 136,
            "0010": 3941,
            "0000": 3678,
            "0011": 171,
            "0110": 139,
            "1110": 163,
            "1100": 137,
            "1001": 131,
            "1011": 185,
            "1101": 6,
            "0001": 137,
            "0111": 10,
            "1111": 3,
            "0101": 1
        }
    },
    {
        "circuit_idx": 8,
        "counts": {
            "1110": 134,
            "1000": 3611,
            "0000": 3657,
            "1010": 3920,
            "0010": 4103,
            "1100": 105,
            "0011": 159,
            "1011": 145,
            "0110": 135,
            "0100": 143,
            "0111": 4,
            "1001": 116,
            "0001": 140,
            "0101": 6,
            "1111": 6
        }
    },
    {
        "circuit_idx": 9,
        "counts": {
            "0000": 3804,
            "1000": 3403,
            "1010": 3937,
            "0010": 4105,
            "0001": 156,
            "1100": 110,
            "1001": 129,
            "0110": 147,
            "1011": 154,
            "0011": 177,
            "0100": 121,
            "1110": 122,
            "1101": 4,
            "0101": 5,
            "1111": 4,
            "0111": 6
        }
    },
    {
        "circuit_idx": 10,
        "counts": {
            "1010": 3747,
            "0010": 4250,
            "1100": 120,
            "1000": 3397,
            "0000": 3838,
            "1001": 144,
            "1110": 120,
            "1011": 156,
            "0001": 167,
            "0100": 107,
            "0110": 139,
            "1111": 8,
            "0011": 181,
            "1101": 5,
            "0101": 4,
            "0111": 1
        }
    },
    {
        "circuit_idx": 11,
        "counts": {
            "1000": 3675,
            "0000": 3666,
            "1010": 3891,
            "0010": 4099,
            "0011": 157,
            "1001": 144,
            "0001": 133,
            "1110": 128,
            "1011": 137,
            "0110": 107,
            "0101": 7,
            "0100": 110,
            "1100": 120,
            "1101": 3,
            "1111": 4,
            "0111": 3
        }
    },
    {
        "circuit_idx": 12,
        "counts": {
            "0000": 2467,
            "0010": 2758,
            "1010": 2558,
            "1000": 2325,
            "1110": 706,
            "0100": 681,
            "0001": 628,
            "0111": 214,
            "1011": 716,
            "0011": 769,
            "1001": 649,
            "1101": 179,
            "0101": 193,
            "0110": 734,
            "1100": 627,
            "1111": 180
        }
    },
    {
        "circuit_idx": 13,
        "counts": {
            "1000": 2384,
            "1001": 669,
            "1010": 2618,
            "0000": 2441,
            "0010": 2593,
            "0011": 768,
            "0110": 691,
            "1111": 203,
            "1011": 708,
            "0111": 213,
            "0100": 691,
            "1101": 187,
            "1100": 675,
            "0001": 658,
            "1110": 713,
            "0101": 172
        }
    },
    {
        "circuit_idx": 14,
        "counts": {
            "1010": 2551,
            "1110": 674,
            "0000": 2410,
            "0001": 654,
            "0010": 2712,
            "1100": 657,
            "0100": 735,
            "1000": 2346,
            "1001": 666,
            "0110": 752,
            "0011": 725,
            "1111": 184,
            "1011": 734,
            "0111": 216,
            "1101": 181,
            "0101": 187
        }
    },
    {
        "circuit_idx": 15,
        "counts": {
            "0110": 807,
            "1110": 782,
            "1000": 2222,
            "0100": 704,
            "1001": 640,
            "1100": 652,
            "0010": 2739,
            "1010": 2460,
            "0000": 2436,
            "1101": 165,
            "1111": 222,
            "1011": 705,
            "0001": 676,
            "0011": 757,
            "0101": 180,
            "0111": 237
        }
    },
    {
        "circuit_idx": 16,
        "counts": {
            "1000": 2224,
            "1010": 2536,
            "0000": 2455,
            "0110": 791,
            "0001": 635,
            "0010": 2715,
            "0011": 738,
            "1100": 675,
            "0100": 735,
            "1001": 629,
            "0111": 247,
            "0101": 234,
            "1110": 717,
            "1011": 715,
            "1111": 197,
            "1101": 141
        }
    },
    {
        "circuit_idx": 17,
        "counts": {
            "0000": 2431,
            "1001": 678,
            "0010": 2627,
            "1010": 2599,
            "1000": 2376,
            "0011": 739,
            "0110": 735,
            "1100": 667,
            "0001": 687,
            "0100": 687,
            "0101": 189,
            "1011": 702,
            "1110": 698,
            "1101": 199,
            "1111": 175,
            "0111": 195
        }
    },
    {
        "circuit_idx": 18,
        "counts": {
            "1111": 2594,
            "1100": 649,
            "1110": 698,
            "0111": 2727,
            "1101": 2337,
            "0101": 2553,
            "1000": 183,
            "0110": 743,
            "0001": 658,
            "0100": 653,
            "1011": 670,
            "0011": 689,
            "1001": 650,
            "0000": 192,
            "0010": 180,
            "1010": 208
        }
    },
    {
        "circuit_idx": 19,
        "counts": {
            "1101": 2435,
            "1110": 695,
            "0101": 2497,
            "1010": 174,
            "1111": 2624,
            "0111": 2728,
            "1001": 644,
            "0011": 679,
            "1011": 719,
            "1100": 665,
            "0110": 707,
            "1000": 185,
            "0100": 677,
            "0001": 610,
            "0000": 167,
            "0010": 178
        }
    },
    {
        "circuit_idx": 20,
        "counts": {
            "1111": 2637,
            "0110": 720,
            "0101": 2545,
            "1000": 174,
            "0111": 2800,
            "1110": 648,
            "1011": 674,
            "1101": 2424,
            "0010": 200,
            "0000": 167,
            "1100": 582,
            "0100": 672,
            "1010": 182,
            "0001": 628,
            "1001": 634,
            "0011": 697
        }
    },
    {
        "circuit_idx": 21,
        "counts": {
            "0101": 2575,
            "0100": 691,
            "0111": 2831,
            "1111": 2579,
            "1110": 711,
            "0110": 771,
            "0011": 675,
            "1101": 2360,
            "0001": 650,
            "1100": 600,
            "1001": 578,
            "0000": 188,
            "1011": 694,
            "1010": 150,
            "1000": 139,
            "0010": 192
        }
    },
    {
        "circuit_idx": 22,
        "counts": {
            "0101": 2608,
            "0000": 180,
            "1111": 2548,
            "1011": 658,
            "0111": 2838,
            "1101": 2343,
            "1010": 143,
            "1000": 168,
            "0011": 732,
            "1001": 612,
            "1100": 637,
            "1110": 660,
            "0110": 763,
            "0001": 601,
            "0100": 692,
            "0010": 201
        }
    },
    {
        "circuit_idx": 23,
        "counts": {
            "1110": 705,
            "0111": 2673,
            "1111": 2585,
            "1011": 685,
            "1101": 2416,
            "1100": 685,
            "0100": 632,
            "0101": 2526,
            "0011": 721,
            "0110": 780,
            "1010": 152,
            "0000": 165,
            "0001": 638,
            "0010": 190,
            "1001": 652,
            "1000": 179
        }
    },
    {
        "circuit_idx": 24,
        "counts": {
            "1101": 3624,
            "0100": 140,
            "0111": 4034,
            "1111": 3831,
            "0101": 3698,
            "1001": 138,
            "0001": 146,
            "1110": 136,
            "0110": 143,
            "0011": 166,
            "1100": 143,
            "1011": 151,
            "1010": 12,
            "0010": 11,
            "0000": 7,
            "1000": 4
        }
    },
    {
        "circuit_idx": 25,
        "counts": {
            "0101": 3508,
            "1111": 3943,
            "0111": 4072,
            "1101": 3631,
            "0100": 158,
            "0011": 152,
            "0001": 137,
            "1011": 178,
            "1100": 137,
            "1001": 135,
            "0110": 152,
            "1110": 161,
            "1000": 8,
            "0010": 6,
            "0000": 4,
            "1010": 2
        }
    },
    {
        "circuit_idx": 26,
        "counts": {
            "0101": 3677,
            "1101": 3491,
            "1111": 3987,
            "0111": 4022,
            "1110": 147,
            "1011": 164,
            "0110": 157,
            "0001": 145,
            "0011": 164,
            "1001": 132,
            "1100": 138,
            "0010": 7,
            "0100": 135,
            "0000": 7,
            "1010": 5,
            "1000": 6
        }
    },
    {
        "circuit_idx": 27,
        "counts": {
            "1101": 3352,
            "1100": 149,
            "0101": 3648,
            "1111": 3889,
            "0001": 123,
            "0111": 4294,
            "0110": 167,
            "1011": 156,
            "1001": 119,
            "1110": 159,
            "0011": 161,
            "0100": 145,
            "1000": 8,
            "0010": 5,
            "1010": 3,
            "0000": 6
        }
    },
    {
        "circuit_idx": 28,
        "counts": {
            "0111": 4211,
            "1101": 3475,
            "0011": 169,
            "0101": 3838,
            "1111": 3687,
            "1110": 137,
            "1011": 124,
            "0110": 143,
            "1001": 140,
            "1100": 140,
            "0100": 156,
            "0001": 143,
            "1010": 4,
            "0000": 10,
            "0010": 5,
            "1000": 2
        }
    },
    {
        "circuit_idx": 29,
        "counts": {
            "1101": 3445,
            "1111": 3904,
            "0111": 4063,
            "0101": 3746,
            "1100": 126,
            "1011": 151,
            "1001": 144,
            "0001": 129,
            "1110": 159,
            "0110": 167,
            "0011": 170,
            "0100": 157,
            "1010": 8,
            "0000": 5,
            "0010": 7,
            "1000": 3
        }
    },
    {
        "circuit_idx": 30,
        "counts": {
            "1010": 936,
            "0011": 1029,
            "0001": 934,
            "1100": 998,
            "1110": 1081,
            "0000": 941,
            "0010": 1089,
            "0110": 1173,
            "1000": 915,
            "1011": 1055,
            "0100": 998,
            "1111": 1102,
            "1101": 1026,
            "0111": 1127,
            "0101": 1041,
            "1001": 939
        }
    },
    {
        "circuit_idx": 31,
        "counts": {
            "0110": 1074,
            "1000": 1018,
            "0001": 972,
            "0000": 910,
            "0100": 1014,
            "0011": 1047,
            "1110": 1084,
            "1010": 1038,
            "0101": 973,
            "1011": 1067,
            "0010": 1014,
            "1001": 940,
            "1101": 981,
            "1100": 972,
            "1111": 1121,
            "0111": 1159
        }
    },
    {
        "circuit_idx": 32,
        "counts": {
            "1010": 1028,
            "0110": 1134,
            "0011": 1034,
            "0111": 1151,
            "0010": 1074,
            "1110": 1084,
            "1101": 958,
            "0100": 1058,
            "0001": 942,
            "1000": 952,
            "0101": 995,
            "1001": 956,
            "1100": 955,
            "1111": 1040,
            "1011": 1136,
            "0000": 887
        }
    },
    {
        "circuit_idx": 33,
        "counts": {
            "0110": 1184,
            "0000": 1014,
            "1001": 933,
            "0101": 1031,
            "1111": 1024,
            "0010": 1105,
            "1101": 972,
            "1011": 999,
            "0011": 1192,
            "0100": 1066,
            "0111": 1126,
            "1110": 1019,
            "0001": 996,
            "1100": 882,
            "1000": 852,
            "1010": 989
        }
    },
    {
        "circuit_idx": 34,
        "counts": {
            "0000": 1007,
            "0010": 1119,
            "1100": 910,
            "0001": 996,
            "0111": 1135,
            "0011": 1136,
            "1001": 885,
            "1011": 1071,
            "1110": 1080,
            "1111": 1049,
            "1000": 896,
            "0100": 1067,
            "1010": 951,
            "1101": 881,
            "0101": 1041,
            "0110": 1160
        }
    },
    {
        "circuit_idx": 35,
        "counts": {
            "0101": 1051,
            "1100": 963,
            "1111": 1025,
            "1101": 973,
            "0011": 1071,
            "0110": 1066,
            "0111": 1166,
            "1010": 999,
            "0010": 1124,
            "1011": 1063,
            "1110": 1008,
            "0100": 1010,
            "1001": 937,
            "0001": 984,
            "0000": 1007,
            "1000": 937
        }
    }
]