[
    {
        "step": 0,
        "counts": {
            "00100": 6,
            "01000": 2,
            "10000": 5,
            "00001": 5,
            "00000": 1002,
            "00010": 4
        }
    },
    {
        "step": 1,
        "counts": {
            "10010": 4,
            "10001": 2,
            "01001": 31,
            "01100": 3,
            "11001": 2,
            "00110": 6,
            "11000": 8,
            "00101": 4,
            "01011": 13,
            "01010": 39,
            "10000": 8,
            "00001": 75,
            "01000": 242,
            "00100": 37,
            "00011": 17,
            "11010": 4,
            "00010": 82,
            "00000": 443,
            "10100": 2,
            "00111": 2
        }
    },
    {
        "step": 2,
        "counts": {
            "11011": 16,
            "10010": 27,
            "01110": 36,
            "11101": 34,
            "11010": 29,
            "01000": 21,
            "01011": 28,
            "00000": 26,
            "01001": 45,
            "00110": 63,
            "10001": 34,
            "11110": 24,
            "01010": 59,
            "10111": 17,
            "10011": 10,
            "01111": 33,
            "00101": 57,
            "01101": 52,
            "00111": 18,
            "01100": 23,
            "10100": 25,
            "11100": 29,
            "11111": 28,
            "11000": 11,
            "11001": 26,
            "00001": 33,
            "10101": 52,
            "00100": 23,
            "10000": 10,
            "10110": 68,
            "00010": 49,
            "00011": 18
        }
    },
    {
        "step": 3,
        "counts": {
            "01100": 65,
            "00001": 22,
            "10110": 39,
            "11111": 33,
            "10011": 20,
            "00100": 44,
            "01000": 29,
            "00011": 19,
            "11011": 20,
            "11110": 20,
            "01010": 33,
            "11101": 36,
            "00101": 35,
            "10111": 34,
            "01111": 77,
            "00000": 23,
            "00010": 10,
            "11010": 19,
            "00111": 38,
            "11001": 17,
            "10000": 11,
            "10001": 16,
            "01110": 78,
            "11000": 10,
            "01001": 27,
            "10100": 39,
            "01101": 63,
            "10101": 34,
            "00110": 41,
            "10010": 4,
            "11100": 28,
            "01011": 40
        }
    },
    {
        "step": 4,
        "counts": {
            "00110": 21,
            "11010": 21,
            "10011": 23,
            "00101": 29,
            "01000": 43,
            "01010": 51,
            "11011": 24,
            "10110": 20,
            "01111": 32,
            "11001": 27,
            "00010": 35,
            "10001": 19,
            "01101": 30,
            "01001": 81,
            "01110": 24,
            "00011": 40,
            "00000": 27,
            "10010": 15,
            "00001": 55,
            "10000": 15,
            "11100": 35,
            "01100": 18,
            "01011": 95,
            "00111": 24,
            "00100": 13,
            "10111": 41,
            "11111": 32,
            "11101": 41,
            "10101": 28,
            "11000": 17,
            "11110": 23,
            "10100": 25
        }
    },
    {
        "step": 5,
        "counts": {
            "00001": 25,
            "00011": 32,
            "11011": 34,
            "01110": 12,
            "10110": 48,
            "01111": 20,
            "10000": 35,
            "11101": 38,
            "11111": 58,
            "10111": 46,
            "01011": 20,
            "00010": 29,
            "11001": 31,
            "11000": 54,
            "00111": 30,
            "01100": 15,
            "01000": 22,
            "00101": 25,
            "00100": 27,
            "01101": 19,
            "10011": 49,
            "10100": 38,
            "10001": 43,
            "10101": 30,
            "00110": 28,
            "11110": 39,
            "10010": 35,
            "01010": 22,
            "11100": 47,
            "11010": 35,
            "01001": 14,
            "00000": 24
        }
    },
    {
        "step": 6,
        "counts": {
            "00101": 37,
            "10010": 19,
            "01011": 28,
            "01000": 38,
            "10000": 34,
            "01001": 76,
            "00001": 30,
            "01010": 43,
            "01101": 67,
            "11000": 32,
            "11110": 25,
            "11001": 55,
            "00010": 28,
            "00011": 16,
            "10001": 28,
            "11100": 24,
            "10110": 15,
            "00000": 28,
            "10011": 13,
            "11011": 29,
            "00110": 32,
            "10111": 11,
            "00100": 38,
            "11101": 31,
            "11111": 21,
            "01110": 47,
            "10101": 16,
            "01111": 44,
            "00111": 29,
            "01100": 46,
            "11010": 29,
            "10100": 15
        }
    },
    {
        "step": 7,
        "counts": {
            "11101": 39,
            "01111": 28,
            "00111": 32,
            "01101": 28,
            "11011": 28,
            "11110": 16,
            "00011": 28,
            "01001": 23,
            "00110": 36,
            "01000": 43,
            "01010": 34,
            "00001": 30,
            "10000": 38,
            "11010": 26,
            "11100": 28,
            "10010": 44,
            "11111": 23,
            "10101": 38,
            "10001": 37,
            "11001": 24,
            "01100": 37,
            "11000": 31,
            "10100": 36,
            "00010": 22,
            "10110": 23,
            "10111": 25,
            "00101": 45,
            "00100": 54,
            "00000": 44,
            "01011": 27,
            "01110": 27,
            "10011": 30
        }
    },
    {
        "step": 8,
        "counts": {
            "01011": 33,
            "00101": 52,
            "01001": 40,
            "11010": 32,
            "00001": 30,
            "11011": 38,
            "11100": 31,
            "00011": 23,
            "00110": 46,
            "00111": 47,
            "10100": 23,
            "11110": 22,
            "10010": 23,
            "11101": 26,
            "10111": 16,
            "11000": 28,
            "01100": 41,
            "01010": 31,
            "10101": 27,
            "01101": 62,
            "10011": 14,
            "01110": 60,
            "01000": 20,
            "10000": 13,
            "11111": 34,
            "10110": 20,
            "01111": 49,
            "10001": 22,
            "11001": 33,
            "00000": 24,
            "00010": 24,
            "00100": 40
        }
    },
    {
        "step": 9,
        "counts": {
            "11100": 32,
            "00111": 40,
            "11110": 22,
            "00011": 30,
            "01101": 33,
            "11001": 29,
            "10111": 21,
            "11010": 32,
            "00010": 35,
            "00101": 29,
            "00100": 29,
            "01011": 36,
            "10110": 23,
            "10001": 46,
            "00001": 42,
            "01100": 38,
            "10011": 35,
            "01010": 24,
            "11011": 27,
            "01000": 46,
            "10100": 24,
            "10000": 44,
            "11000": 37,
            "10101": 26,
            "01111": 26,
            "11111": 31,
            "01001": 45,
            "11101": 27,
            "10010": 24,
            "00000": 30,
            "00110": 30,
            "01110": 31
        }
    },
    {
        "step": 10,
        "counts": {
            "10010": 20,
            "00101": 29,
            "00100": 36,
            "01101": 38,
            "11100": 43,
            "00000": 53,
            "10001": 16,
            "10011": 23,
            "11110": 33,
            "01001": 34,
            "01111": 19,
            "10110": 40,
            "10000": 18,
            "11111": 29,
            "11000": 21,
            "00110": 32,
            "11001": 24,
            "00010": 50,
            "00001": 56,
            "10111": 40,
            "00111": 40,
            "00011": 47,
            "01000": 36,
            "10101": 26,
            "11011": 12,
            "01110": 15,
            "01011": 46,
            "11010": 16,
            "11101": 30,
            "01010": 29,
            "10100": 46,
            "01100": 27
        }
    }
]