{
    "results": {
        "0000000": 303,
        "0000001": 244,
        "0010000": 322,
        "0010001": 284,
        "0010010": 264,
        "0010011": 278,
        "0011000": 221,
        "0011001": 186,
        "0011010": 168,
        "0011011": 229,
        "0000010": 252,
        "0000011": 252,
        "0001000": 280,
        "0001001": 247,
        "0001010": 213,
        "0001011": 257
    },
    "backend_info": {
        "backend_name": "ibm_nairobi",
        "backend_version": 2,
        "qubit_count": 7,
        "basis_gates": [
            "cx",
            "id",
            "rz",
            "sx",
            "x"
        ],
        "quantum_volume": 32,
        "average_cnot_error": 0.008618975144854468,
        "average_readout_error": 0.026957142857142853
    }
}