"Qubit","T1 (us)","T2 (us)","Readout assignment error","Prob meas0 prep1","Prob meas1 prep0","Readout length (ns)","ID error","Single-qubit gate length (ns)","RX error","Z-axis rotation (rz) error","âˆšx (sx) error","Pauli-X error","CZ error","Gate length (ns)","Operational","RZZ error"
"0","165.39064966230305","207.2312698637148","0.1181640625","0.12841796875","0.10791015625","1560","0.00045057055178698326","32","0.00045057055178698326","0","0.00045057055178698326","0.00045057055178698326","15:0.004065146492141319;1:0.002283620119757246","15:68;1:68","Yes",""
"1","248.31301998085578","221.92617827544865","0.05224609375","0.04052734375","0.06396484375","1560","0.00012935541839459582","32","0.00012935541839459582","0","0.00012935541839459582","0.00012935541839459582","2:0.002847653444846915;0:0.002283620119757246","2:68;0:68","Yes","2:0.0031130606512938808"
"2","98.7900725347221","111.89176024414715","0.057861328125","0.1015625","0.01416015625","1560","0.0003157975451966449","32","0.0003157975451966449","0","0.0003157975451966449","0.0003157975451966449","1:0.002847653444846915;3:0.002058867255017194","1:68;3:68","Yes","1:0.0031130606512938808;3:0.0025560774936303765"
"3","221.70003121658303","156.41809574891315","0.017333984375","0.0224609375","0.01220703125","1560","0.0002138559082977344","32","0.0002138559082977344","0","0.0002138559082977344","0.0002138559082977344","2:0.002058867255017194;4:0.0035019219055322515","2:68;4:68","Yes","2:0.0025560774936303765;4:0.0031969594704643056"
"4","146.808905700196","192.7779426305898","0.033935546875","0.04638671875","0.021484375","1560","0.0002803403743609594","32","0.0002803403743609594","0","0.0002803403743609594","0.0002803403743609594","3:0.0035019219055322515;5:0.003152255598042164;16:0.0021393293237344235","3:68;5:68;16:80","Yes","3:0.0031969594704643056;5:0.004760283353329897;16:0.00246686107349256"
"5","201.12953962232052","191.64741057209622","0.005615234375","0.00830078125","0.0029296875","1560","0.0001386860907264489","32","0.0001386860907264489","0","0.0001386860907264489","0.0001386860907264489","6:0.00257376829932518;4:0.003152255598042164","6:68;4:68","Yes","6:0.010713158711553095;4:0.004760283353329897"
"6","48.79335640283564","84.50960948708955","0.015625","0.02734375","0.00390625","1560","0.0004985610049564713","32","0.0004985610049564713","0","0.0004985610049564713","0.0004985610049564713","5:0.00257376829932518;7:0.0032348382303000744","5:68;7:68","Yes","5:0.010713158711553095;7:0.00989513780065751"
"7","215.5097678905385","129.9251217756391","0.015869140625","0.0166015625","0.01513671875","1560","0.0007001861314356767","32","0.0007001861314356767","0","0.0007001861314356767","0.0007001861314356767","6:0.0032348382303000744;8:0.0028951922158954313","6:68;8:68","Yes","6:0.00989513780065751;8:0.0033509299465974696"
"8","216.4001485226281","125.6126142335248","0.0361328125","0.037109375","0.03515625","1560","0.00045144353944402395","32","0.00045144353944402395","0","0.00045144353944402395","0.00045144353944402395","9:0.003611915510020519;17:0.00267853440131241;7:0.0028951922158954313","9:68;17:108;7:68","Yes","9:0.006904424985485574;17:0.0037391594243921245;7:0.0033509299465974696"
"9","121.97476844564902","104.16326857971549","0.019287109375","0.03759765625","0.0009765625","1560","0.00034572944888730387","32","0.00034572944888730387","0","0.00034572944888730387","0.00034572944888730387","8:0.003611915510020519;10:0.002662880643438559","8:68;10:68","Yes","8:0.006904424985485574;10:0.0047951394891317944"
"10","193.24539741219954","220.57341526999363","0.019287109375","0.0166015625","0.02197265625","1560","0.0002299454336650747","32","0.0002299454336650747","0","0.0002299454336650747","0.0002299454336650747","9:0.002662880643438559;11:0.003242380474397427","9:68;11:68","Yes","9:0.0047951394891317944;11:0.005620347928948749"
"11","124.7325031759543","143.11626926650948","0.0068359375","0.0107421875","0.0029296875","1560","0.00023442946719284138","32","0.00023442946719284138","0","0.00023442946719284138","0.00023442946719284138","10:0.003242380474397427;12:0.0035011715880808314","10:68;12:68","Yes","10:0.005620347928948749;12:0.0022724890500102624"
"12","352.10460581938196","331.85631122501394","0.01708984375","0.02099609375","0.01318359375","1560","0.00011229155313580983","32","0.00011229155313580983","0","0.00011229155313580983","0.00011229155313580983","18:0.0028065564339029014;13:0.0024270085674845676;11:0.0035011715880808314","18:68;13:68;11:68","Yes","18:0.003476894144543302;13:0.002180575917180877;11:0.0022724890500102624"
"13","288.60391771722965","220.86794627549978","0.0087890625","0.009765625","0.0078125","1560","0.0001893719094717569","32","0.0001893719094717569","0","0.0001893719094717569","0.0001893719094717569","12:0.0024270085674845676;14:0.0029217792952864197","12:68;14:68","Yes","12:0.002180575917180877;14:0.005551913820604465"
"14","248.02052657043103","153.60573969135555","0.02490234375","0.01171875","0.0380859375","1560","0.00017887927610035542","32","0.00017887927610035542","0","0.00017887927610035542","0.00017887927610035542","13:0.0029217792952864197","13:68","Yes","13:0.005551913820604465"
"15","145.92138070105378","35.71293775463739","0.023193359375","0.04541015625","0.0009765625","1560","0.0003752543837412883","32","0.0003752543837412883","0","0.0003752543837412883","0.0003752543837412883","0:0.004065146492141319;19:0.0034857207200792995","0:68;19:80","Yes","19:0.004149765187925425"
"16","195.7620606938156","162.75850234666527","0.020751953125","0.02197265625","0.01953125","1560","0.00021916791113227676","32","0.00021916791113227676","0","0.00021916791113227676","0.00021916791113227676","23:0.004574133898594068;4:0.0021393293237344235","23:184;4:80","Yes","23:0.005406036962407934;4:0.00246686107349256"
"17","162.72647914101327","97.24378387302535","0.007568359375","0.01318359375","0.001953125","1560","0.0008173478898516847","32","0.0008173478898516847","0","0.0008173478898516847","0.0008173478898516847","27:0.00427156346416338;8:0.00267853440131241","27:160;8:108","Yes","27:0.006704976038845595;8:0.0037391594243921245"
"18","219.24460311829088","196.20355787245126","0.0048828125","0.00439453125","0.00537109375","1560","0.00035991456691756023","32","0.00035991456691756023","0","0.00035991456691756023","0.00035991456691756023","12:0.0028065564339029014;31:0.013260902109826528","12:68;31:68","Yes","12:0.003476894144543302;31:0.007640988685414962"
"19","166.56258681847618","112.00439721083323","0.0576171875","0.06884765625","0.04638671875","1560","0.0004432586464453658","32","0.0004432586464453658","0","0.0004432586464453658","0.0004432586464453658","20:0.004322001837576195;15:0.0034857207200792995","20:108;15:80","Yes","20:0.004077648276989587;15:0.004149765187925425"
"20","18.97251956300151","30.374152051537127","0.018310546875","0.0283203125","0.00830078125","1560","0.0007104129809719518","32","0.0007104129809719518","0","0.0007104129809719518","0.0007104129809719518","19:0.004322001837576195;21:0.041339889922014816","19:108;21:68","Yes","19:0.004077648276989587"
"21","78.73702966309735","23.24789132560018","0.05712890625","0.10205078125","0.01220703125","1560","0.0007810395171624659","32","0.0007810395171624659","0","0.0007810395171624659","0.0007810395171624659","34:0.012225197232026197;20:0.041339889922014816;22:0.008221634124128158","34:68;20:68;22:68","Yes","34:0.04408574053180522;22:0.005590478313286018"
"22","101.67562208765207","114.29368985078764","0.027587890625","0.03466796875","0.0205078125","1560","0.00046145241788341206","32","0.00046145241788341206","0","0.00046145241788341206","0.00046145241788341206","23:0.00455297628147161;21:0.008221634124128158","23:68;21:68","Yes","23:0.0051673017774821195;21:0.005590478313286018"
"23","148.07885960749616","138.50959738470866","0.0322265625","0.03125","0.033203125","1560","0.0003387196273129221","32","0.0003387196273129221","0","0.0003387196273129221","0.0003387196273129221","22:0.00455297628147161;24:0.004394626398264018;16:0.004574133898594068","22:68;24:68;16:184","Yes","22:0.0051673017774821195;24:0.015262019776067726;16:0.005406036962407934"
"24","86.28318051940403","103.48548033788316","0.02978515625","0.01513671875","0.04443359375","1560","0.0005409926379107577","32","0.0005409926379107577","0","0.0005409926379107577","0.0005409926379107577","23:0.004394626398264018;25:0.003188342559710816","23:68;25:68","Yes","23:0.015262019776067726;25:0.00840468918633816"
"25","45.2460777049186","61.40836226603913","0.08203125","0.09716796875","0.06689453125","1560","0.00042495954013701685","32","0.00042495954013701685","0","0.00042495954013701685","0.00042495954013701685","24:0.003188342559710816;26:0.0016059962072838552;35:0.002011064752481445","24:68;26:68;35:108","Yes","24:0.00840468918633816;26:0.0051630854543257;35:0.005231006174798075"
"26","165.76043537461013","120.35668216183225","0.04150390625","0.0380859375","0.044921875","1560","0.00031711715756542756","32","0.00031711715756542756","0","0.00031711715756542756","0.00031711715756542756","25:0.0016059962072838552;27:0.0027839155585962505","25:68;27:68","Yes","25:0.0051630854543257;27:0.0029453575883304495"
"27","83.91304631206427","108.4818191252972","0.042724609375","0.04833984375","0.037109375","1560","0.00037947813622378127","32","0.00037947813622378127","0","0.00037947813622378127","0.00037947813622378127","26:0.0027839155585962505;28:0.002691282310956472;17:0.00427156346416338","26:68;28:80;17:160","Yes","26:0.0029453575883304495;28:0.0042385099971643525;17:0.006704976038845595"
"28","227.25908173898625","195.71549841847687","0.0078125","0.01025390625","0.00537109375","1560","0.00022472477602354828","32","0.00022472477602354828","0","0.00022472477602354828","0.00022472477602354828","27:0.002691282310956472;29:0.003917639126958805","27:80;29:116","Yes","27:0.0042385099971643525;29:0.007132677038353186"
"29","136.8174852561212","81.96877269993855","0.007080078125","0.00634765625","0.0078125","1560","0.00062250937465006","32","0.00062250937465006","0","0.00062250937465006","0.00062250937465006","36:0.0025777142976640965;28:0.003917639126958805;30:0.004274085733098176","36:68;28:116;30:68","Yes","36:0.005877945068506363;28:0.007132677038353186;30:0.009219048594858087"
"30","132.66118222853243","105.61271222850306","0.006591796875","0.01123046875","0.001953125","1560","0.0006233357346216614","32","0.0006233357346216614","0","0.0006233357346216614","0.0006233357346216614","31:0.0031901158225592086;29:0.004274085733098176","31:68;29:68","Yes","31:0.006124777034455187;29:0.009219048594858087"
"31","271.6425876401614","241.43680640512906","0.042236328125","0.0380859375","0.04638671875","1560","0.00031870256714269254","32","0.00031870256714269254","0","0.00031870256714269254","0.00031870256714269254","30:0.0031901158225592086;32:0.0032319655412541837;18:0.013260902109826528","30:68;32:68;18:68","Yes","30:0.006124777034455187;32:0.007285776528973248;18:0.007640988685414962"
"32","94.5321018751458","41.5185400304827","0.01318359375","0.0205078125","0.005859375","1560","0.0003504731338862978","32","0.0003504731338862978","0","0.0003504731338862978","0.0003504731338862978","31:0.0032319655412541837;33:0.06497989078710797","31:68;33:68","Yes","31:0.007285776528973248"
"33","159.5745881902653","69.92504826095998","0.029541015625","0.017578125","0.04150390625","1560","0.0003235337025865203","32","0.0003235337025865203","0","0.0003235337025865203","0.0003235337025865203","37:0.002010879484033279;32:0.06497989078710797","37:88;32:68","Yes","37:0.0026458781168699763"
"34","226.6452759569025","120.58658061493283","0.032470703125","0.02880859375","0.0361328125","1560","0.00019057905662777622","32","0.00019057905662777622","0","0.00019057905662777622","0.00019057905662777622","21:0.012225197232026197;40:0.0018450177847106342","21:68;40:96","Yes","21:0.04408574053180522;40:0.0027821379116184375"
"35","156.44602181665576","113.68638608231936","0.01171875","0.01171875","0.01171875","1560","0.000288890719458045","32","0.000288890719458045","0","0.000288890719458045","0.000288890719458045","44:0.0017334908758588063;25:0.002011064752481445","44:108;25:108","Yes","44:0.0035613101674511205;25:0.005231006174798075"
"36","74.00241186914862","115.72080970938028","0.00634765625","0.0087890625","0.00390625","1560","0.0006329012920113433","32","0.0006329012920113433","0","0.0006329012920113433","0.0006329012920113433","48:0.0022521856355564585;29:0.0025777142976640965","48:68;29:68","Yes","48:0.005343729247809237;29:0.005877945068506363"
"37","189.97200595576965","98.01180739520481","0.004638671875","0.00341796875","0.005859375","1560","0.0003448783429522944","32","0.0003448783429522944","0","0.0003448783429522944","0.0003448783429522944","33:0.002010879484033279;52:0.001917605591622601","33:88;52:104","Yes","33:0.0026458781168699763;52:0.004498055366055492"
"38","218.0939142593602","184.44942484508607","0.0712890625","0.06591796875","0.07666015625","1560","0.00026712658471464965","32","0.00026712658471464965","0","0.00026712658471464965","0.00026712658471464965","53:0.17243919666440613;39:0.001702546769434654","53:68;39:68","Yes","53:0.15830087539960042;39:0.0035733919846737128"
"39","155.93893048935237","189.37878010553456","0.04052734375","0.0302734375","0.05078125","1560","0.00021325495621930322","32","0.00021325495621930322","0","0.00021325495621930322","0.00021325495621930322","38:0.001702546769434654;40:0.002567805693845321","38:68;40:68","Yes","38:0.0035733919846737128;40:0.00328420333884466"
"40","246.1633104888277","215.05299016444891","0.01806640625","0.0146484375","0.021484375","1560","0.0002836836495918181","32","0.0002836836495918181","0","0.0002836836495918181","0.0002836836495918181","41:0.015490916423055168;34:0.0018450177847106342;39:0.002567805693845321","41:68;34:96;39:68","Yes","41:0.021976325264542296;34:0.0027821379116184375;39:0.00328420333884466"
"41","68.67947089898648","50.60510178237144","0.02685546875","0.04296875","0.0107421875","1560","0.003627140369442442","32","0.003627140369442442","0","0.003627140369442442","0.003627140369442442","40:0.015490916423055168;42:0.02042583299608952","40:68;42:68","Yes","40:0.021976325264542296;42:0.012161979221445213"
"42","244.5702778186439","147.19499066821058","0.179931640625","0.20166015625","0.158203125","1560","0.0004153552732225873","32","0.0004153552732225873","0","0.0004153552732225873","0.0004153552732225873","41:0.02042583299608952;43:0.0018516413160620249;54:0.0027980793835921114","41:68;43:68;54:80","Yes","41:0.012161979221445213;43:0.005613583962570667;54:0.003399052011893583"
"43","102.80657927079304","107.20628529240227","0.009521484375","0.00732421875","0.01171875","1560","0.00022878505635707885","32","0.00022878505635707885","0","0.00022878505635707885","0.00022878505635707885","42:0.0018516413160620249;44:0.0017875087349669694","42:68;44:68","Yes","42:0.005613583962570667;44:0.002818814415251808"
"44","228.35479693501378","216.04348110945787","0.013671875","0.00830078125","0.01904296875","1560","0.00012235944333624486","32","0.00012235944333624486","0","0.00012235944333624486","0.00012235944333624486","45:0.004594570948433185;35:0.0017334908758588063;43:0.0017875087349669694","45:68;35:108;43:68","Yes","45:0.004556136449309189;35:0.0035613101674511205;43:0.002818814415251808"
"45","51.60559391471266","55.40852463758819","0.010009765625","0.0126953125","0.00732421875","1560","0.0003391448183196498","32","0.0003391448183196498","0","0.0003391448183196498","0.0003391448183196498","44:0.004594570948433185;46:0.004255099729055994","44:68;46:68","Yes","44:0.004556136449309189;46:0.011015584125385114"
"46","98.09860530385735","74.74440563672799","0.032470703125","0.046875","0.01806640625","1560","0.00025001445603319716","32","0.00025001445603319716","0","0.00025001445603319716","0.00025001445603319716","45:0.004255099729055994;47:0.0026779766548487294;55:0.0024042026991043797","45:68;47:68;55:68","Yes","45:0.011015584125385114;47:0.008564283845411719;55:0.003643809966850098"
"47","250.50243891219017","61.350259967613546","0.01611328125","0.0302734375","0.001953125","1560","0.00034537355283528536","32","0.00034537355283528536","0","0.00034537355283528536","0.00034537355283528536","48:0.001810054343690165;46:0.0026779766548487294","48:68;46:68","Yes","48:0.005271823859050506;46:0.008564283845411719"
"48","173.7502256240478","161.55730597138717","0.03515625","0.04345703125","0.02685546875","1560","0.00032995410961358837","32","0.00032995410961358837","0","0.00032995410961358837","0.00032995410961358837","36:0.0022521856355564585;47:0.001810054343690165;49:0.0029414730598437133","36:68;47:68;49:68","Yes","36:0.005343729247809237;47:0.005271823859050506;49:0.003300145854681219"
"49","136.36141949296712","91.60231922005585","0.017333984375","0.01904296875","0.015625","1560","0.0005670294305556719","32","0.0005670294305556719","0","0.0005670294305556719","0.0005670294305556719","48:0.0029414730598437133;50:0.0032257470334265126","48:68;50:68","Yes","48:0.003300145854681219;50:0.0026491762611607905"
"50","174.55819105264433","187.9271177623939","0.0810546875","0.09375","0.068359375","1560","0.00022784117046247088","32","0.00022784117046247088","0","0.00022784117046247088","0.00022784117046247088","56:0.0023496742962859918;49:0.0032257470334265126;51:0.001851380263246244","56:68;49:68;51:68","Yes","56:0.0025303153687461777;49:0.0026491762611607905;51:0.00268464237266991"
"51","280.0414720831761","168.14108892830487","0.011474609375","0.0166015625","0.00634765625","1560","0.0001757606792702801","32","0.0001757606792702801","0","0.0001757606792702801","0.0001757606792702801","50:0.001851380263246244;52:0.0022106517236527012","50:68;52:68","Yes","50:0.00268464237266991;52:0.0033299173996220732"
"52","154.75366117394586","172.6347881886941","0.014404296875","0.01123046875","0.017578125","1560","0.00033976672677913744","32","0.00033976672677913744","0","0.00033976672677913744","0.00033976672677913744","51:0.0022106517236527012;37:0.001917605591622601","51:68;37:104","Yes","51:0.0033299173996220732;37:0.004498055366055492"
"53","24.403349705979803","62.413003713541706","0.138427734375","0.15673828125","0.1201171875","1560","","32","","0","","","38:0.17243919666440613;57:0.05099877139194517","38:68;57:108","Yes","38:0.15830087539960042;57:0.24937646920687287"
"54","148.23742069398955","146.96347360321263","0.0048828125","0.005859375","0.00390625","1560","0.0003707423234916484","32","0.0003707423234916484","0","0.0003707423234916484","0.0003707423234916484","42:0.0027980793835921114;61:0.00466169129795499","42:80;61:152","Yes","42:0.003399052011893583;61:0.011667560609355893"
"55","156.65694710861814","125.32037758803479","0.00634765625","0.0078125","0.0048828125","1560","0.00023149399165176956","32","0.00023149399165176956","0","0.00023149399165176956","0.00023149399165176956","65:0.0024728291880049824;46:0.0024042026991043797","65:120;46:68","Yes","65:0.003908784632214085;46:0.003643809966850098"
"56","249.27748702810914","185.6609013855114","0.01123046875","0.01171875","0.0107421875","1560","0.00027061286786943386","32","0.00027061286786943386","0","0.00027061286786943386","0.00027061286786943386","50:0.0023496742962859918;69:0.00848903005587956","50:68;69:160","Yes","50:0.0025303153687461777;69:0.010740288378055018"
"57","176.00949755101075","229.81195034908419","0.05126953125","0.06787109375","0.03466796875","1560","0.001873637053792698","32","0.001873637053792698","0","0.001873637053792698","0.001873637053792698","53:0.05099877139194517;58:0.002508270333886703","53:108;58:68","Yes","53:0.24937646920687287;58:0.004772642044429787"
"58","162.2022854618569","154.92721268748983","0.016845703125","0.01904296875","0.0146484375","1560","0.00033443970511309325","32","0.00033443970511309325","0","0.00033443970511309325","0.00033443970511309325","57:0.002508270333886703;59:0.002394130475049161","57:68;59:68","Yes","57:0.004772642044429787"
"59","156.33875487948652","124.25160109228709","0.037841796875","0.05859375","0.01708984375","1560","0.00024839405852678133","32","0.00024839405852678133","0","0.00024839405852678133","0.00024839405852678133","72:0.001963871937330025;58:0.002394130475049161;60:0.0023500008122872285","72:68;58:68;60:68","Yes","72:0.002492792970479274"
"60","122.18025785398008","171.90742503424502","0.006591796875","0.0087890625","0.00439453125","1560","0.0002792716827855393","32","0.0002792716827855393","0","0.0002792716827855393","0.0002792716827855393","61:0.001884828074208672;59:0.0023500008122872285","61:68;59:68","Yes","61:0.004351134921631111"
"61","188.1667368458379","161.36079769191656","0.014404296875","0.01708984375","0.01171875","1560","0.00024466431560909606","32","0.00024466431560909606","0","0.00024466431560909606","0.00024466431560909606","60:0.001884828074208672;62:0.0018253052282144189;54:0.00466169129795499","60:68;62:68;54:152","Yes","60:0.004351134921631111;62:0.005712712980562307;54:0.011667560609355893"
"62","168.0878162997403","113.18049078284561","0.019775390625","0.017578125","0.02197265625","1560","0.0003169969592543454","32","0.0003169969592543454","0","0.0003169969592543454","0.0003169969592543454","61:0.0018253052282144189;63:0.004400667052246787","61:68;63:164","Yes","61:0.005712712980562307;63:0.005263528129780731"
"63","253.88195997196294","120.46236120245415","0.0341796875","0.05224609375","0.01611328125","1560","0.0006824228087565062","32","0.0006824228087565062","0","0.0006824228087565062","0.0006824228087565062","62:0.004400667052246787;64:0.0019258998613588818;73:0.002940410573968266","62:164;64:68;73:88","Yes","62:0.005263528129780731;64:0.0064161625271235145;73:0.005296018087977222"
"64","134.89692137761372","108.43433806963297","0.069580078125","0.064453125","0.07470703125","1560","0.00015305123480052442","32","0.00015305123480052442","0","0.00015305123480052442","0.00015305123480052442","65:0.0020069379346945304;63:0.0019258998613588818","65:68;63:68","Yes","63:0.0064161625271235145"
"65","150.21870777732042","191.32765634171818","0.009033203125","0.013671875","0.00439453125","1560","0.00023888325443524984","32","0.00023888325443524984","0","0.00023888325443524984","0.00023888325443524984","55:0.0024728291880049824;64:0.0020069379346945304;66:0.0020156357052260043","55:120;64:68;66:68","Yes","55:0.003908784632214085;66:0.004099838242005188"
"66","201.20328839372362","195.8435931082769","0.004638671875","0.00634765625","0.0029296875","1560","0.00023008420568621445","32","0.00023008420568621445","0","0.00023008420568621445","0.00023008420568621445","65:0.0020156357052260043;67:0.0024121216062015227","65:68;67:68","Yes","65:0.004099838242005188;67:0.0023444404219088444"
"67","148.18940958276298","125.17959020208906","0.0439453125","0.06494140625","0.02294921875","1560","0.0002109044102090991","32","0.0002109044102090991","0","0.0002109044102090991","0.0002109044102090991","68:0.0030162805152710026;74:0.0025449123332129397;66:0.0024121216062015227","68:88;74:72;66:68","Yes","68:0.004250348184371339;74:0.003880646797362275;66:0.0023444404219088444"
"68","168.26250563086577","76.12687532151617","0.0087890625","0.01025390625","0.00732421875","1560","0.00044148686179216524","32","0.00044148686179216524","0","0.00044148686179216524","0.00044148686179216524","67:0.0030162805152710026;69:0.00626462500319197","67:88;69:68","Yes","67:0.004250348184371339;69:0.00633824235726313"
"69","212.25175449534035","69.5207282580291","0.05859375","0.095703125","0.021484375","1560","0.00024312964076881067","32","0.00024312964076881067","0","0.00024312964076881067","0.00024312964076881067","56:0.00848903005587956;68:0.00626462500319197;70:0.005799983304849848","56:160;68:68;70:68","Yes","56:0.010740288378055018;68:0.00633824235726313;70:0.009731200838396348"
"70","93.47555282963643","45.93424245120576","0.0576171875","0.03857421875","0.07666015625","1560","0.000568958058621339","32","0.000568958058621339","0","0.000568958058621339","0.000568958058621339","69:0.005799983304849848;71:0.002666453282372583","69:68;71:68","Yes","69:0.009731200838396348;71:0.0057877024313753855"
"71","177.02846363074963","41.96815261769907","0.03466796875","0.0556640625","0.013671875","1560","0.00037366877218904476","32","0.00037366877218904476","0","0.00037366877218904476","0.00037366877218904476","75:0.004257069716839895;70:0.002666453282372583","75:112;70:68","Yes","75:0.005210857907793381;70:0.0057877024313753855"
"72","111.31036961946369","65.33457782437794","0.00830078125","0.00390625","0.0126953125","1560","0.0003282381974819327","32","0.0003282381974819327","0","0.0003282381974819327","0.0003282381974819327","59:0.001963871937330025;78:0.002977954384499548","59:68;78:120","Yes","59:0.002492792970479274;78:0.003966970581836843"
"73","182.03586509243007","96.01256673561589","0.023681640625","0.01953125","0.02783203125","1560","0.0005497834508884254","32","0.0005497834508884254","0","0.0005497834508884254","0.0005497834508884254","82:0.00305702332822666;63:0.002940410573968266","82:88;63:88","Yes","82:0.01210082002819926;63:0.005296018087977222"
"74","237.44503942884535","157.1638415697296","0.010986328125","0.0078125","0.01416015625","1560","0.0002503027438555518","32","0.0002503027438555518","0","0.0002503027438555518","0.0002503027438555518","86:0.002390507204458353;67:0.0025449123332129397","86:68;67:72","Yes","86:0.004803663832592758;67:0.003880646797362275"
"75","248.3669272221099","118.92078289765426","0.01171875","0.017578125","0.005859375","1560","0.0010931335391103575","32","0.0010931335391103575","0","0.0010931335391103575","0.0010931335391103575","90:0.003109588020443005;71:0.004257069716839895","90:88;71:112","Yes","90:0.0033464108952853955;71:0.005210857907793381"
"76","180.0618485550979","117.1310733448522","0.052978515625","0.0234375","0.08251953125","1560","0.00029326715787007","32","0.00029326715787007","0","0.00029326715787007","0.00029326715787007","91:0.006131608885385359;77:0.0027253650560250253","91:68;77:68","Yes","91:0.002620461236877536;77:0.006676284263655546"
"77","200.12325460933207","180.9191016335426","0.02587890625","0.02001953125","0.03173828125","1560","0.000332874465528782","32","0.000332874465528782","0","0.000332874465528782","0.000332874465528782","78:0.002621745399322667;76:0.0027253650560250253","78:68;76:68","Yes","78:0.005058899159931823;76:0.006676284263655546"
"78","81.47124240092688","91.87898815003298","0.032958984375","0.0361328125","0.02978515625","1560","0.0002304222156378306","32","0.0002304222156378306","0","0.0002304222156378306","0.0002304222156378306","77:0.002621745399322667;79:0.014281781200866012;72:0.002977954384499548","77:68;79:88;72:120","Yes","77:0.005058899159931823;79:0.03747333308317405;72:0.003966970581836843"
"79","16.256229531749774","21.60089253276408","0.034912109375","0.0693359375","0.00048828125","1560","0.0037938156291481596","32","0.0037938156291481596","0","0.0037938156291481596","0.0037938156291481596","78:0.014281781200866012;80:0.012931864732803194","78:88;80:68","Yes","78:0.03747333308317405;80:0.027451004538984164"
"80","153.98848913744425","26.54446815647212","0.026611328125","0.03271484375","0.0205078125","1560","0.00021276380239683694","32","0.00021276380239683694","0","0.00021276380239683694","0.00021276380239683694","81:0.002381223767111751;92:0.004487927049203172;79:0.012931864732803194","81:68;92:68;79:68","Yes","81:0.003981541989633741;92:0.003394254177535222;79:0.027451004538984164"
"81","83.34028966069685","99.1644172252261","0.005126953125","0.00634765625","0.00390625","1560","0.00038047188509574773","32","0.00038047188509574773","0","0.00038047188509574773","0.00038047188509574773","80:0.002381223767111751;82:0.0037119250268325965","80:68;82:68","Yes","80:0.003981541989633741;82:0.008539828123649423"
"82","202.10287046236343","136.24726314914406","0.065185546875","0.0830078125","0.04736328125","1560","0.00042744501791154154","32","0.00042744501791154154","0","0.00042744501791154154","0.00042744501791154154","81:0.0037119250268325965;83:0.00438538405936198;73:0.00305702332822666","81:68;83:68;73:88","Yes","81:0.008539828123649423;83:0.011127636128184515;73:0.01210082002819926"
"83","142.84471969580767","81.5868765974998","0.014892578125","0.009765625","0.02001953125","1560","0.00034647831697058357","32","0.00034647831697058357","0","0.00034647831697058357","0.00034647831697058357","82:0.00438538405936198;84:0.003907818597020801","82:68;84:108","Yes","82:0.011127636128184515;84:0.008122259685089506"
"84","202.2446634966975","53.728193380135615","0.047607421875","0.05126953125","0.0439453125","1560","0.0006304068836977596","32","0.0006304068836977596","0","0.0006304068836977596","0.0006304068836977596","93:0.006284739286291419;83:0.003907818597020801;85:0.03239256969197307","93:68;83:108;85:88","Yes","93:0.004704887069702374;83:0.008122259685089506;85:0.0022273775386856542"
"85","3.3030589091535836","8.51871939465501","0.035888671875","0.05810546875","0.013671875","1560","0.0035166031489623885","32","0.0035166031489623885","0","0.0035166031489623885","0.0035166031489623885","86:0.017787951068308328;84:0.03239256969197307","86:68;84:88","Yes","86:0.08531165361532482;84:0.0022273775386856542"
"86","182.01206385822098","106.16193937690191","0.192626953125","0.35546875","0.02978515625","1560","0.00015477734406054293","32","0.00015477734406054293","0","0.00015477734406054293","0.00015477734406054293","85:0.017787951068308328;74:0.002390507204458353;87:0.0018421980661021964","85:68;74:68;87:68","Yes","85:0.08531165361532482;74:0.004803663832592758;87:0.00418753516230555"
"87","254.81180617788652","239.94859823447015","0.006103515625","0.00341796875","0.0087890625","1560","0.0001512102721469291","32","0.0001512102721469291","0","0.0001512102721469291","0.0001512102721469291","86:0.0018421980661021964;88:0.009952277369387141","86:68;88:68","Yes","86:0.00418753516230555;88:0.013186223793884677"
"88","190.33714980734825","192.52300501714075","0.0224609375","0.01611328125","0.02880859375","1560","0.0007959741505207842","32","0.0007959741505207842","0","0.0007959741505207842","0.0007959741505207842","94:0.010023614303316247;87:0.009952277369387141;89:0.009917803842511674","94:76;87:68;89:68","Yes","94:0.008661771749806868;87:0.013186223793884677;89:0.013093099565293698"
"89","239.95703797337555","160.16383953423457","0.060791015625","0.0546875","0.06689453125","1560","0.0003478151184505121","32","0.0003478151184505121","0","0.0003478151184505121","0.0003478151184505121","90:0.0025544582166116825;88:0.009917803842511674","90:68;88:68","Yes","90:0.00300919382089071;88:0.013093099565293698"
"90","275.0630506346672","281.7689863638385","0.022216796875","0.01220703125","0.0322265625","1560","0.0003322294744434793","32","0.0003322294744434793","0","0.0003322294744434793","0.0003322294744434793","75:0.003109588020443005;89:0.0025544582166116825","75:88;89:68","Yes","75:0.0033464108952853955;89:0.00300919382089071"
"91","219.91742419157757","112.37778321792236","0.009765625","0.009765625","0.009765625","1560","0.0003242922347339028","32","0.0003242922347339028","0","0.0003242922347339028","0.0003242922347339028","95:0.0031861028685207238;76:0.006131608885385359","95:148;76:68","Yes","76:0.002620461236877536"
"92","219.84835339016198","146.19819691742416","0.010986328125","0.013671875","0.00830078125","1560","0.0005728047972568286","32","0.0005728047972568286","0","0.0005728047972568286","0.0005728047972568286","99:0.005319120371802516;80:0.004487927049203172","99:68;80:68","Yes","99:0.006142602559047666;80:0.003394254177535222"
"93","273.69523609344395","158.75654671586489","0.008544921875","0.00634765625","0.0107421875","1560","0.00016378773246345703","32","0.00016378773246345703","0","0.00016378773246345703","0.00016378773246345703","84:0.006284739286291419;103:0.0021395992021274735","84:68;103:68","Yes","84:0.004704887069702374;103:0.0025091083632000633"
"94","224.10352975138343","231.9966702363053","0.01416015625","0.01123046875","0.01708984375","1560","0.0001250685519571828","32","0.0001250685519571828","0","0.0001250685519571828","0.0001250685519571828","88:0.010023614303316247;107:0.0032406276131626832","88:76;107:104","Yes","88:0.008661771749806868;107:0.0028424426334951736"
"95","98.13093682319105","40.022492711972326","0.017578125","0.01708984375","0.01806640625","1560","0.0005244224448095265","32","0.0005244224448095265","0","0.0005244224448095265","0.0005244224448095265","91:0.0031861028685207238;96:0.0027414290893809645","91:148;96:68","Yes","96:0.004736479156270679"
"96","185.7264469161426","152.5940857691064","0.0166015625","0.01513671875","0.01806640625","1560","0.00025593032144799493","32","0.00025593032144799493","0","0.00025593032144799493","0.00025593032144799493","97:0.007120085604015808;95:0.0027414290893809645","97:68;95:68","Yes","97:0.009685665095867352;95:0.004736479156270679"
"97","230.43842399532494","98.40804574652539","0.048583984375","0.03662109375","0.060546875","1560","0.00042005595748013973","32","0.00042005595748013973","0","0.00042005595748013973","0.00042005595748013973","96:0.007120085604015808;110:0.00269779244010665;98:0.0021422898351926567","96:68;110:88;98:68","Yes","96:0.009685665095867352;110:0.002507681572350734;98:0.003923946205869472"
"98","231.262575148981","64.43288706468898","0.025146484375","0.02685546875","0.0234375","1560","0.0002688940524059806","32","0.0002688940524059806","0","0.0002688940524059806","0.0002688940524059806","97:0.0021422898351926567;99:0.0020855442787763023","97:68;99:68","Yes","97:0.003923946205869472;99:0.00242412239008416"
"99","104.29274225797182","95.07614164349957","0.033447265625","0.04541015625","0.021484375","1560","0.0002050345493341776","32","0.0002050345493341776","0","0.0002050345493341776","0.0002050345493341776","100:0.002068234812508729;92:0.005319120371802516;98:0.0020855442787763023","100:68;92:68;98:68","Yes","100:0.004275102131033298;92:0.006142602559047666;98:0.00242412239008416"
"100","221.5805905802818","180.93884204767537","0.04150390625","0.0107421875","0.072265625","1560","0.00018869088554429754","32","0.00018869088554429754","0","0.00018869088554429754","0.00018869088554429754","99:0.002068234812508729;101:0.002265677532220428","99:68;101:88","Yes","99:0.004275102131033298;101:0.0029967446022388378"
"101","131.47572876868767","100.00458770953134","0.053955078125","0.06982421875","0.0380859375","1560","0.00021571862915806852","32","0.00021571862915806852","0","0.00021571862915806852","0.00021571862915806852","100:0.002265677532220428;102:0.003181653975126042;111:0.001809088743927434","100:88;102:68;111:108","Yes","100:0.0029967446022388378;102:0.005735632954300657;111:0.0027963072119198684"
"102","90.76483890843731","36.470693148004074","0.010498046875","0.0166015625","0.00439453125","1560","0.0005078065997929603","32","0.0005078065997929603","0","0.0005078065997929603","0.0005078065997929603","101:0.003181653975126042;103:0.0031103756244101333","101:68;103:68","Yes","101:0.005735632954300657;103:0.010134719255516705"
"103","275.112243949884","86.35262965777679","0.05517578125","0.0927734375","0.017578125","1560","0.00011146759091373939","32","0.00011146759091373939","0","0.00011146759091373939","0.00011146759091373939","104:0.005617631075611279;93:0.0021395992021274735;102:0.0031103756244101333","104:68;93:68;102:68","Yes","104:0.022609380400657103;93:0.0025091083632000633;102:0.010134719255516705"
"104","67.3319142751131","23.94828275821551","0.047119140625","0.0830078125","0.01123046875","1560","0.0034638586849293396","32","0.0034638586849293396","0","0.0034638586849293396","0.0034638586849293396","103:0.005617631075611279;105:0.010189100340510487","103:68;105:104","Yes","103:0.022609380400657103;105:0.05402856373181389"
"105","94.34416251178996","16.060644167574836","0.08447265625","0.1123046875","0.056640625","1560","0.0025009302504647338","32","0.0025009302504647338","0","0.0025009302504647338","0.0025009302504647338","104:0.010189100340510487;106:0.00998314427648861;112:0.0072242159085732505","104:104;106:68;112:68","Yes","104:0.05402856373181389;106:0.03213744764116466;112:0.012285086914855275"
"106","105.59880703484065","112.65969921659644","0.1103515625","0.13671875","0.083984375","1560","0.0015121927139891851","32","0.0015121927139891851","0","0.0015121927139891851","0.0015121927139891851","107:0.004980057242476493;105:0.00998314427648861","107:68;105:68","Yes","107:0.004955215802542323;105:0.03213744764116466"
"107","208.590358011543","194.22345115596895","0.017578125","0.02099609375","0.01416015625","1560","0.000217514981952475","32","0.000217514981952475","0","0.000217514981952475","0.000217514981952475","106:0.004980057242476493;108:0.007505505448197836;94:0.0032406276131626832","106:68;108:68;94:104","Yes","106:0.004955215802542323;108:0.007943010257001254;94:0.0028424426334951736"
"108","128.89994656214964","150.09729644249524","0.016357421875","0.00927734375","0.0234375","1560","0.00029363476448455463","32","0.00029363476448455463","0","0.00029363476448455463","0.00029363476448455463","107:0.007505505448197836;109:0.0020253181841487222","107:68;109:68","Yes","107:0.007943010257001254;109:0.004989597730240741"
"109","205.36057768411044","212.84151074326462","0.037353515625","0.03173828125","0.04296875","1560","0.0003848594901014579","32","0.0003848594901014579","0","0.0003848594901014579","0.0003848594901014579","113:0.0019242660404978629;108:0.0020253181841487222","113:68;108:68","Yes","113:0.004890367978026777;108:0.004989597730240741"
"110","155.24290861000617","160.61850779556644","0.0087890625","0.005859375","0.01171875","1560","0.00025114178658836603","32","0.00025114178658836603","0","0.00025114178658836603","0.00025114178658836603","116:0.0021869316972879527;97:0.00269779244010665","116:80;97:88","Yes","116:0.0026503627516104578;97:0.002507681572350734"
"111","145.52750783374697","100.17432927841318","0.010986328125","0.0087890625","0.01318359375","1560","0.00021900805864877198","32","0.00021900805864877198","0","0.00021900805864877198","0.00021900805864877198","120:0.0021121036095072543;101:0.001809088743927434","120:128;101:108","Yes","120:0.0031821638242090222;101:0.0027963072119198684"
"112","261.3538415596406","213.88911733400315","0.00634765625","0.0087890625","0.00390625","1560","0.00026496080353653013","32","0.00026496080353653013","0","0.00026496080353653013","0.00026496080353653013","124:0.0018935566910305845;105:0.0072242159085732505","124:68;105:68","Yes","124:0.0033483246377560005;105:0.012285086914855275"
"113","252.76945658089318","224.12908299749583","0.02880859375","0.03076171875","0.02685546875","1560","0.001600195586934116","32","0.001600195586934116","0","0.001600195586934116","0.001600195586934116","109:0.0019242660404978629;128:0.0020822856212353302","109:68;128:68","Yes","109:0.004890367978026777;128:0.0056529662673286685"
"114","170.20144775060533","206.11282976678788","0.055908203125","0.01513671875","0.0966796875","1560","0.00017870401618310945","32","0.00017870401618310945","0","0.00017870401618310945","0.00017870401618310945","129:0.004209349839002147;115:0.002259369013760726","129:68;115:104","Yes","129:0.0070584564791355275;115:0.00518862304888687"
"115","104.8598727777179","107.6028761541168","0.12548828125","0.09375","0.1572265625","1560","0.0004963860808707865","64","0.0004963860808707865","0","0.0004963860808707865","0.0004963860808707865","114:0.002259369013760726;116:0.0030022621666077887","114:104;116:136","Yes","114:0.00518862304888687;116:0.0075351535454841745"
"116","241.64869562329426","201.66936863266832","0.0341796875","0.0263671875","0.0419921875","1560","0.00025629034833049433","32","0.00025629034833049433","0","0.00025629034833049433","0.00025629034833049433","110:0.0021869316972879527;115:0.0030022621666077887;117:0.0018467459016772436","110:80;115:136;117:68","Yes","110:0.0026503627516104578;115:0.0075351535454841745;117:0.003121631978889705"
"117","81.7849192403699","59.97037135458919","0.004638671875","0.0087890625","0.00048828125","1560","0.0003085187695922061","32","0.0003085187695922061","0","0.0003085187695922061","0.0003085187695922061","116:0.0018467459016772436;118:0.0022789267165154448","116:68;118:68","Yes","116:0.003121631978889705;118:0.007367392567933229"
"118","162.80938798382397","149.52002141079763","0.09033203125","0.091796875","0.0888671875","1560","0.0002384241623915652","32","0.0002384241623915652","0","0.0002384241623915652","0.0002384241623915652","119:0.004924576921602891;130:0.0019598506293072027;117:0.0022789267165154448","119:68;130:68;117:68","Yes","119:0.00559888420276658;130:0.003959521595357202;117:0.007367392567933229"
"119","124.95211978301181","118.30111000788669","0.026123046875","0.02880859375","0.0234375","1560","0.0002442446996934087","32","0.0002442446996934087","0","0.0002442446996934087","0.0002442446996934087","118:0.004924576921602891;120:0.001936762111474588","118:68;120:68","Yes","118:0.00559888420276658;120:0.0032191793743116537"
"120","143.9813208928753","160.44555625939307","0.019287109375","0.02392578125","0.0146484375","1560","0.00027454481183620795","32","0.00027454481183620795","0","0.00027454481183620795","0.00027454481183620795","119:0.001936762111474588;121:0.00217166277811634;111:0.0021121036095072543","119:68;121:80;111:128","Yes","119:0.0032191793743116537;121:0.0028519677377502883;111:0.0031821638242090222"
"121","266.3379691232549","102.13076342851122","0.037353515625","0.04296875","0.03173828125","1560","0.00026065492143754825","32","0.00026065492143754825","0","0.00026065492143754825","0.00026065492143754825","120:0.00217166277811634;122:0.0019594525214988168","120:80;122:68","Yes","120:0.0028519677377502883;122:0.00408980802167852"
"122","271.0258589844267","177.39113245342148","0.05859375","0.05419921875","0.06298828125","1560","0.0001833475746203017","32","0.0001833475746203017","0","0.0001833475746203017","0.0001833475746203017","131:0.002576079770036599;121:0.0019594525214988168;123:0.009527054865860751","131:68;121:68;123:68","Yes","131:0.004979517527932492;121:0.00408980802167852;123:0.020653535864684797"
"123","38.74108785168701","13.890689286485117","0.047119140625","0.08544921875","0.0087890625","1560","0.003439291672827257","32","0.003439291672827257","0","0.003439291672827257","0.003439291672827257","124:0.025641163769993314;122:0.009527054865860751","124:68;122:68","Yes","124:0.021337879076767235;122:0.020653535864684797"
"124","137.75756133403692","107.38828029863383","0.10546875","0.14599609375","0.06494140625","1560","0.0003454401528984298","32","0.0003454401528984298","0","0.0003454401528984298","0.0003454401528984298","112:0.0018935566910305845;123:0.025641163769993314;125:0.002554424684295259","112:68;123:68;125:108","Yes","112:0.0033483246377560005;123:0.021337879076767235;125:0.004048878504169406"
"125","205.58585582475018","163.09782048348777","0.007080078125","0.01171875","0.00244140625","1560","0.00017475646247308175","32","0.00017475646247308175","0","0.00017475646247308175","0.00017475646247308175","124:0.002554424684295259;126:0.003230904516515365","124:108;126:68","Yes","124:0.004048878504169406;126:0.003099952477937068"
"126","142.289171927501","149.45620697296454","0.08251953125","0.1015625","0.0634765625","1560","0.00023517119791291498","32","0.00023517119791291498","0","0.00023517119791291498","0.00023517119791291498","132:0.001944354124786024;127:0.0033167144918115066;125:0.003230904516515365","132:68;127:68;125:68","Yes","132:0.0040130293505786785;127:0.008547634207157595;125:0.003099952477937068"
"127","61.45558992457901","77.10177089561768","0.012939453125","0.009765625","0.01611328125","1560","0.0005690858708465338","32","0.0005690858708465338","0","0.0005690858708465338","0.0005690858708465338","126:0.0033167144918115066;128:0.00294344453408682","126:68;128:68","Yes","126:0.008547634207157595;128:0.007561791970438464"
"128","321.02354727155716","165.60060514582977","0.07958984375","0.09814453125","0.06103515625","1560","0.00016358290324596422","32","0.00016358290324596422","0","0.00016358290324596422","0.00016358290324596422","113:0.0020822856212353302;127:0.00294344453408682","113:68;127:68","Yes","113:0.0056529662673286685;127:0.007561791970438464"
"129","151.2469193447968","124.61163250550813","0.037109375","0.041015625","0.033203125","1560","0.0010499370943021949","32","0.0010499370943021949","0","0.0010499370943021949","0.0010499370943021949","114:0.004209349839002147","114:68","Yes","114:0.0070584564791355275"
"130","149.487186668264","143.25952594012043","0.0126953125","0.01611328125","0.00927734375","1560","0.0005843764591162901","32","0.0005843764591162901","0","0.0005843764591162901","0.0005843764591162901","118:0.0019598506293072027","118:68","Yes","118:0.003959521595357202"
"131","223.00682990292802","73.9799863513821","0.005615234375","0.00341796875","0.0078125","1560","0.00047677065030053803","32","0.00047677065030053803","0","0.00047677065030053803","0.00047677065030053803","122:0.002576079770036599","122:68","Yes","122:0.004979517527932492"
"132","227.94746047939515","241.4691825215102","0.01318359375","0.01220703125","0.01416015625","1560","0.00023869322982036668","32","0.00023869322982036668","0","0.00023869322982036668","0.00023869322982036668","126:0.001944354124786024","126:68","Yes","126:0.0040130293505786785"