{
    "experiment": "ECDLP8_Shor_Twistor",
    "backend": "ibm_torino",
    "twistor": true,
    "idle_dt": 2048,
    "dt_seconds": 4e-09,
    "physical_qubits": [
        0,
        0,
        0,
        0,
        0,
        0,
        0,
        0,
        0
    ],
    "shots": 8192,
    "k_found": 2,
    "ridge_fidelity": 0.117431640625,
    "success_rate": 0,
    "counts": {
        "001001": 0,
        "110101": 0,
        "100011": 0,
        "100100": 0,
        "000000": 0,
        "111100": 0,
        "001110": 0,
        "000110": 0,
        "000010": 0,
        "010110": 0,
        "101001": 0,
        "100001": 0,
        "010011": 0,
        "000001": 0,
        "110001": 0,
        "111001": 0,
        "001011": 0,
        "100110": 0,
        "001010": 0,
        "011110": 0,
        "011100": 0,
        "001101": 0,
        "010101": 0,
        "000111": 0,
        "100101": 0,
        "111101": 0,
        "011001": 0,
        "101111": 0,
        "110010": 0,
        "001000": 0,
        "001100": 0,
        "110100": 0,
        "011000": 0,
        "111111": 0,
        "101010": 0,
        "110111": 0,
        "010010": 0,
        "101110": 0,
        "101000": 0,
        "110110": 0,
        "100010": 0,
        "101100": 0,
        "110000": 0,
        "101101": 0,
        "011010": 0,
        "111110": 0,
        "110011": 0,
        "011011": 0,
        "100111": 0,
        "101011": 0,
        "011101": 0,
        "000100": 0,
        "111000": 0,
        "011111": 0,
        "100000": 0,
        "010111": 0,
        "010001": 0,
        "010000": 0,
        "000011": 0,
        "111011": 0,
        "000101": 0,
        "001111": 0,
        "111010": 0,
        "010100": 0
    }
}