{
    "experiment": "Nonlocal_Ridge_Encryption_n5",
    "backend": "ibm_fez",
    "physical_qubits": [
        41,
        2,
        145,
        108,
        15,
        131,
        125,
        133,
        93,
        141
    ],
    "shots": 8192,
    "calibration_csv": "/Users/steventippeconnic/Documents/QC/ibm_fez_calibrations_2026-01-13T19_27_55Z.csv",
    "n_bits": 5,
    "modulus": 32,
    "k_secret": 13,
    "r_mask": 6,
    "k_prime_cipher": 19,
    "k_prime_hat": 19,
    "k_secret_hat": 13,
    "marginals": {
        "A_counts": {
            "3": 281,
            "15": 214,
            "23": 233,
            "24": 198,
            "29": 237,
            "9": 250,
            "10": 306,
            "26": 213,
            "22": 257,
            "12": 284,
            "5": 285,
            "7": 275,
            "19": 271,
            "6": 267,
            "16": 276,
            "17": 277,
            "20": 300,
            "27": 208,
            "8": 310,
            "1": 299,
            "4": 324,
            "13": 237,
            "21": 234,
            "2": 277,
            "14": 231,
            "18": 236,
            "25": 212,
            "0": 310,
            "28": 230,
            "31": 199,
            "11": 263,
            "30": 198
        },
        "B_counts": {
            "8": 297,
            "9": 251,
            "5": 294,
            "0": 321,
            "14": 250,
            "21": 247,
            "22": 231,
            "19": 247,
            "27": 217,
            "28": 236,
            "2": 327,
            "15": 231,
            "4": 284,
            "3": 267,
            "11": 237,
            "25": 205,
            "6": 295,
            "1": 290,
            "23": 234,
            "20": 272,
            "26": 205,
            "10": 264,
            "31": 194,
            "7": 242,
            "17": 227,
            "18": 269,
            "12": 296,
            "13": 294,
            "16": 276,
            "30": 235,
            "24": 250,
            "29": 207
        }
    },
    "k_prime_votes_top10": [
        [
            19,
            260
        ],
        [
            12,
            258
        ],
        [
            17,
            224
        ],
        [
            16,
            197
        ],
        [
            25,
            188
        ],
        [
            10,
            182
        ],
        [
            6,
            182
        ],
        [
            24,
            158
        ],
        [
            3,
            149
        ],
        [
            1,
            127
        ]
    ],
    "counts": {
        "0100000011": 78,
        "0100100011": 5,
        "0010101111": 6,
        "0000010111": 2,
        "0111011000": 7,
        "1010111101": 20,
        "1011001001": 21,
        "0000001010": 6,
        "0100111010": 48,
        "1001110110": 15,
        "1101101100": 5,
        "1110000101": 49,
        "0001000111": 6,
        "0111110011": 7,
        "0010000110": 51,
        "0111110111": 51,
        "0001110000": 25,
        "0101100101": 7,
        "1001110001": 26,
        "1100110100": 5,
        "0011011011": 3,
        "0000111010": 14,
        "1011001000": 57,
        "1010100001": 16,
        "0100100110": 13,
        "1011100100": 9,
        "0001001100": 66,
        "0101110000": 22,
        "0101101101": 3,
        "1011001100": 17,
        "1010010101": 6,
        "1101000010": 5,
        "1010000111": 57,
        "0101001110": 19,
        "1111101001": 6,
        "0010011011": 4,
        "0101110010": 13,
        "0111000101": 5,
        "1010000100": 23,
        "0101001001": 11,
        "1101110000": 49,
        "0011011001": 20,
        "0100111011": 24,
        "1110001100": 3,
        "1011110100": 27,
        "1101110110": 9,
        "0000000001": 28,
        "0100010000": 5,
        "0101100000": 7,
        "0001011100": 17,
        "0011100010": 7,
        "0000100110": 8,
        "0000111101": 15,
        "1000100110": 4,
        "0101000101": 6,
        "0101001111": 53,
        "1001001110": 20,
        "1010000101": 16,
        "1000100100": 12,
        "1010111011": 8,
        "0001110010": 28,
        "0000111001": 59,
        "0011101100": 12,
        "0100010110": 4,
        "1110010101": 10,
        "0110010100": 16,
        "0010111100": 29,
        "0011110101": 18,
        "0111001001": 18,
        "0000101100": 3,
        "0011001110": 5,
        "0000101010": 4,
        "1100111011": 35,
        "1101101001": 5,
        "0111101111": 11,
        "0110111101": 65,
        "0100111000": 13,
        "0111000000": 2,
        "1101000000": 5,
        "1110000111": 17,
        "1010000010": 7,
        "0110101010": 5,
        "0011101101": 5,
        "1000000011": 21,
        "0110111111": 19,
        "0001001110": 26,
        "1101110010": 21,
        "1101101010": 8,
        "0001110011": 65,
        "1011110101": 59,
        "1010111001": 11,
        "0110000010": 19,
        "0111110010": 10,
        "1110001010": 6,
        "0010100001": 10,
        "0110111100": 23,
        "1111101110": 8,
        "0010001010": 7,
        "1001001101": 52,
        "0011001001": 65,
        "1111001011": 50,
        "0110000101": 27,
        "1100010010": 9,
        "1000000001": 65,
        "1001110011": 33,
        "0100000000": 17,
        "1011110111": 13,
        "1010100011": 9,
        "1111001101": 8,
        "1111000001": 4,
        "1101000001": 8,
        "0000111000": 23,
        "0100011110": 3,
        "1001011101": 16,
        "0000000000": 78,
        "1111000000": 10,
        "0111111101": 3,
        "1010010111": 10,
        "1010111110": 39,
        "1000111000": 44,
        "0101100011": 2,
        "1100110001": 5,
        "0010001111": 7,
        "1110110101": 2,
        "1100000001": 24,
        "1101010000": 9,
        "1111110011": 8,
        "1110111101": 14,
        "0010000000": 10,
        "1010110111": 3,
        "1001000100": 7,
        "1001101011": 9,
        "0101011010": 2,
        "0010110101": 5,
        "0011110100": 72,
        "1101011110": 10,
        "1000111100": 12,
        "1000000111": 15,
        "0011001111": 7,
        "1110000100": 23,
        "0000110010": 2,
        "1001110010": 50,
        "1010000110": 31,
        "0110110100": 5,
        "0110000111": 15,
        "1000111001": 13,
        "0101110100": 5,
        "1101001101": 8,
        "1111000011": 6,
        "0110001110": 4,
        "0011011010": 9,
        "1011000111": 4,
        "0100001100": 8,
        "1010010100": 5,
        "0010000001": 16,
        "0010000011": 7,
        "1100000000": 12,
        "0000001001": 6,
        "1011101101": 13,
        "1101001110": 46,
        "0011001100": 11,
        "0110000100": 65,
        "1011111101": 3,
        "0011001010": 14,
        "1001000110": 4,
        "1000000100": 15,
        "1000100010": 6,
        "0000111011": 19,
        "0111110101": 12,
        "0101000110": 6,
        "0101100001": 7,
        "0001000100": 6,
        "0010000100": 32,
        "1101111000": 4,
        "1101001100": 13,
        "0110000110": 22,
        "0110100101": 4,
        "0000100101": 19,
        "1010000000": 17,
        "1111111010": 2,
        "1000111011": 14,
        "1101110101": 8,
        "0010011111": 11,
        "0001101000": 3,
        "1000010011": 4,
        "1100000010": 50,
        "0110111011": 21,
        "0100100001": 10,
        "0101110001": 59,
        "1100001101": 5,
        "0001101011": 12,
        "1000010110": 8,
        "1111001001": 15,
        "1010101101": 6,
        "1111100110": 6,
        "0111000010": 7,
        "0101101001": 12,
        "0010100110": 9,
        "1011010001": 6,
        "1100001010": 7,
        "1011111111": 3,
        "1000000000": 22,
        "0100000001": 17,
        "0010100000": 21,
        "0001000000": 6,
        "0101110111": 5,
        "0111001000": 17,
        "0101011011": 5,
        "0110011111": 8,
        "0010110100": 14,
        "0111001010": 62,
        "1110101110": 3,
        "1010011101": 4,
        "0001110110": 6,
        "0101111101": 2,
        "1111100010": 3,
        "1111110111": 14,
        "1100100111": 18,
        "0011000010": 7,
        "1010100110": 6,
        "1010110010": 4,
        "0010110110": 9,
        "0101111001": 7,
        "1001001011": 14,
        "1000001101": 8,
        "1100000110": 10,
        "1110100110": 3,
        "1000011101": 5,
        "0010101000": 3,
        "0011110000": 9,
        "0111101001": 5,
        "0001110100": 9,
        "1011100110": 3,
        "0000110111": 6,
        "1011110010": 7,
        "0010010111": 5,
        "1111100000": 2,
        "0010011100": 4,
        "0101000100": 6,
        "1011100101": 14,
        "0001100111": 5,
        "1110000011": 13,
        "0100000100": 10,
        "0000011111": 6,
        "1001010010": 6,
        "1110111111": 7,
        "0010110000": 7,
        "0001001010": 29,
        "0010111000": 10,
        "1001101001": 8,
        "1101011100": 2,
        "0111110000": 14,
        "1010110100": 8,
        "0000000110": 16,
        "0001001101": 25,
        "1010001110": 4,
        "0001100010": 4,
        "1011110110": 11,
        "0010111110": 27,
        "1001001100": 30,
        "0101010010": 1,
        "1011101110": 6,
        "0001011000": 5,
        "0100000010": 24,
        "1100000011": 30,
        "0100101010": 6,
        "0000100000": 8,
        "1001110101": 10,
        "1101001111": 8,
        "1110000110": 14,
        "0101110011": 12,
        "1100111100": 6,
        "1010100101": 7,
        "0000011011": 5,
        "0101010000": 8,
        "0110101000": 3,
        "1010100010": 6,
        "1001000111": 7,
        "1010110101": 5,
        "1001010110": 5,
        "0000010000": 18,
        "1111000101": 5,
        "1110111100": 44,
        "1110011000": 5,
        "0100110010": 6,
        "0111110110": 18,
        "1111000110": 5,
        "0001000010": 7,
        "0010111111": 46,
        "1101110100": 10,
        "1010110000": 5,
        "0011011111": 3,
        "0110100001": 8,
        "0010011101": 4,
        "0001100011": 10,
        "0000000100": 26,
        "1001011110": 2,
        "1111110001": 15,
        "0011101000": 2,
        "1111001010": 24,
        "0011110111": 10,
        "1100010110": 6,
        "0000100111": 15,
        "0000000010": 26,
        "0100110111": 4,
        "0011010100": 8,
        "1100100110": 8,
        "1010001010": 5,
        "1101110001": 20,
        "0000000011": 18,
        "1101001011": 14,
        "1101111010": 3,
        "1011011000": 6,
        "0011111011": 2,
        "0111100111": 7,
        "0000110101": 7,
        "1100100100": 9,
        "1111011110": 3,
        "1010001111": 3,
        "1011111100": 3,
        "0000110001": 8,
        "1101100110": 3,
        "0000100010": 3,
        "1110110111": 7,
        "1111111110": 3,
        "0011110110": 22,
        "0011100111": 7,
        "0101000111": 5,
        "1000001100": 4,
        "1110011101": 4,
        "1111001100": 9,
        "0011111111": 6,
        "1111110010": 6,
        "1011010100": 3,
        "0110011010": 7,
        "0100010011": 16,
        "0100111110": 15,
        "1010111111": 21,
        "0111110100": 23,
        "0010001001": 5,
        "1010000011": 7,
        "1110111010": 12,
        "1011111001": 3,
        "0110000001": 11,
        "0001111011": 7,
        "0111001110": 13,
        "1110100010": 14,
        "0100110001": 7,
        "0010010001": 3,
        "0100101011": 9,
        "1001111100": 3,
        "0001001011": 12,
        "0010111011": 3,
        "1111110110": 47,
        "1100001000": 6,
        "0010010110": 10,
        "0001101001": 11,
        "1010101110": 2,
        "1000001110": 4,
        "1110110000": 3,
        "1100000100": 11,
        "0100101000": 5,
        "1011010101": 5,
        "1101001001": 5,
        "1101110011": 12,
        "0001001000": 13,
        "1000101111": 2,
        "0011001011": 28,
        "1100100000": 3,
        "0001110111": 12,
        "1010100000": 8,
        "0101101111": 3,
        "0010010010": 3,
        "1000000101": 14,
        "1110100101": 2,
        "0110100000": 6,
        "0101101011": 7,
        "1110000001": 10,
        "1110111000": 6,
        "1100100101": 6,
        "1010011000": 6,
        "1100101010": 3,
        "0111001011": 22,
        "1000001010": 7,
        "1010101100": 5,
        "0101001010": 12,
        "0000011100": 3,
        "1010011011": 3,
        "0001010111": 8,
        "0101010111": 6,
        "1000111110": 7,
        "0100001011": 6,
        "1110011001": 2,
        "0100011011": 8,
        "1001011100": 9,
        "0100011010": 10,
        "0101110101": 10,
        "0111011001": 5,
        "0111111110": 2,
        "0001000110": 4,
        "1101011101": 7,
        "0100000111": 13,
        "1001110000": 14,
        "0010010100": 6,
        "1111100101": 1,
        "1111111101": 4,
        "1101111111": 1,
        "0101000010": 7,
        "1000110011": 6,
        "1101000110": 3,
        "0000010010": 5,
        "1101101000": 12,
        "1001001000": 7,
        "1001100010": 9,
        "0111010000": 3,
        "0010000111": 24,
        "0110010111": 3,
        "0010110010": 4,
        "0110011100": 6,
        "0011001000": 29,
        "0111101110": 9,
        "1100110000": 18,
        "0101101100": 3,
        "1101000011": 4,
        "1000110000": 5,
        "1111001000": 27,
        "1100001110": 7,
        "0010111001": 8,
        "0101010110": 1,
        "1011000001": 2,
        "1001101101": 3,
        "1010100100": 3,
        "1100111000": 15,
        "1010111100": 10,
        "0111001100": 10,
        "1011100001": 2,
        "0001010000": 6,
        "0001001001": 7,
        "0100111001": 25,
        "0001111110": 4,
        "0101011110": 4,
        "0101111100": 3,
        "1111101000": 5,
        "1000010000": 8,
        "1000101001": 2,
        "1000100101": 16,
        "1110101000": 4,
        "1010101000": 6,
        "0101000011": 4,
        "0101011111": 12,
        "0110101100": 6,
        "1011001110": 8,
        "1110011010": 5,
        "1010100111": 2,
        "0001110001": 15,
        "0000001000": 7,
        "0101001100": 27,
        "1110001101": 7,
        "0110011000": 6,
        "0011111100": 3,
        "0001101111": 3,
        "0010110011": 7,
        "1011101011": 8,
        "1010001011": 2,
        "0100100100": 1,
        "1001001010": 9,
        "0010001101": 4,
        "0011101111": 4,
        "0011001101": 18,
        "1000010001": 16,
        "1001101010": 15,
        "0110110011": 5,
        "0101001011": 7,
        "0010111101": 13,
        "1010001000": 12,
        "0000110011": 13,
        "0111000100": 6,
        "0111101000": 8,
        "1001001111": 22,
        "0010101011": 4,
        "0011000001": 14,
        "0111010100": 8,
        "0110010110": 6,
        "0110110110": 6,
        "1011010000": 3,
        "0110000000": 11,
        "1101000101": 2,
        "0101001101": 13,
        "1010001101": 4,
        "0111100000": 3,
        "0001010100": 7,
        "0110111110": 15,
        "0110100111": 9,
        "0010000101": 22,
        "0011111110": 2,
        "1001000011": 7,
        "0011000101": 1,
        "1010011110": 7,
        "1000101010": 4,
        "1111010011": 2,
        "1011101111": 5,
        "1100111010": 17,
        "1001110100": 10,
        "1100110010": 2,
        "0110110000": 5,
        "0110001001": 7,
        "1110110100": 5,
        "1011001101": 8,
        "0100010010": 5,
        "1110000000": 6,
        "0000111110": 7,
        "0101101010": 7,
        "1101011001": 3,
        "1110100001": 8,
        "0100010101": 3,
        "1011110001": 5,
        "1001100110": 3,
        "1011011011": 3,
        "0101011100": 3,
        "0101000000": 11,
        "1010011100": 1,
        "1110010110": 5,
        "0101100110": 7,
        "1110010010": 6,
        "0100111101": 6,
        "0000110000": 7,
        "0100001001": 5,
        "0001110101": 6,
        "0001011010": 8,
        "0000110110": 8,
        "0011111101": 6,
        "0001101010": 5,
        "0111101010": 3,
        "1100100011": 6,
        "0001010101": 5,
        "0001010011": 14,
        "0101111111": 2,
        "0110001010": 4,
        "0111010111": 9,
        "1111101111": 5,
        "1010110001": 8,
        "1111101011": 5,
        "1101010001": 9,
        "1010110110": 6,
        "1011100010": 2,
        "1101111100": 2,
        "0100001111": 5,
        "0010001110": 6,
        "0100100101": 7,
        "0111011011": 7,
        "1111010110": 8,
        "0000000101": 9,
        "1111001111": 7,
        "0000011000": 4,
        "1001101111": 3,
        "1100111111": 7,
        "1101001000": 11,
        "0101101110": 3,
        "0111001111": 9,
        "0111011101": 2,
        "0000011010": 1,
        "0100001000": 13,
        "1011011001": 2,
        "1111010001": 5,
        "1100111101": 5,
        "0101101000": 5,
        "1001011011": 3,
        "1011101100": 7,
        "0000010011": 7,
        "1100110111": 4,
        "1001111111": 2,
        "0001001111": 13,
        "0100110000": 1,
        "0010010101": 6,
        "0100100111": 3,
        "0101010101": 2,
        "0011000111": 3,
        "1001010011": 7,
        "1110100011": 3,
        "0110100100": 3,
        "1000011110": 1,
        "1100011111": 2,
        "1001000000": 8,
        "0110001100": 4,
        "0010100010": 12,
        "1011001010": 16,
        "0000111111": 9,
        "0000000111": 9,
        "0100110101": 6,
        "1111110100": 12,
        "1010111000": 5,
        "0110100011": 9,
        "0111111111": 5,
        "1010011010": 6,
        "1010000001": 6,
        "1011010110": 6,
        "0101011101": 1,
        "0011000011": 6,
        "1001000101": 4,
        "0011010101": 4,
        "0001011011": 3,
        "1001010101": 2,
        "1000111101": 6,
        "1111001110": 4,
        "1000110010": 6,
        "1100010001": 9,
        "1111010111": 5,
        "0110110101": 9,
        "1001001001": 7,
        "1011111000": 1,
        "1110011110": 4,
        "0011100100": 12,
        "0110011110": 5,
        "1000110110": 4,
        "1101010011": 3,
        "0100000101": 6,
        "0101110110": 5,
        "0010110111": 9,
        "0111101100": 5,
        "1101100101": 1,
        "0111100100": 4,
        "0001100110": 4,
        "0110101111": 8,
        "1001100011": 2,
        "0011000000": 5,
        "1000110111": 4,
        "0010011010": 3,
        "0110110001": 5,
        "0100111100": 8,
        "1001111010": 2,
        "1001010000": 6,
        "0100100000": 3,
        "0110001000": 11,
        "0100111111": 4,
        "0010000010": 5,
        "1011011010": 6,
        "1001110111": 10,
        "0011010010": 1,
        "1111110101": 14,
        "0011011100": 3,
        "0000100100": 7,
        "0010101100": 6,
        "0111100010": 3,
        "1000100011": 4,
        "1101100100": 4,
        "1110000010": 7,
        "0011101011": 2,
        "0110100110": 4,
        "0011010110": 3,
        "1110111110": 16,
        "1111110000": 6,
        "0110010001": 1,
        "1000100111": 4,
        "1100110011": 8,
        "1100011100": 2,
        "1001111000": 3,
        "0111001101": 5,
        "0010001000": 6,
        "1101100000": 5,
        "1111111111": 1,
        "0011011000": 4,
        "0110001101": 5,
        "0000011001": 4,
        "0001111010": 2,
        "0110110111": 7,
        "0100000110": 9,
        "0011011101": 2,
        "1111000010": 2,
        "1000110101": 5,
        "1000011001": 4,
        "1110101111": 4,
        "0011101001": 2,
        "0100110011": 3,
        "1000011111": 2,
        "0010111010": 6,
        "0001111000": 3,
        "0010011000": 5,
        "1111011011": 6,
        "0000001110": 2,
        "0110111001": 8,
        "1000000010": 16,
        "0001010001": 6,
        "0011110010": 10,
        "1110011011": 1,
        "0111111000": 2,
        "0000010001": 5,
        "1100010100": 1,
        "1101001010": 13,
        "0010100011": 5,
        "0000111100": 7,
        "1111100100": 4,
        "1000110100": 5,
        "1001011001": 3,
        "1000111010": 14,
        "0001010010": 5,
        "0100010111": 4,
        "0000001101": 3,
        "0000110100": 5,
        "0011101010": 4,
        "0001000011": 3,
        "1000011100": 3,
        "0111011010": 5,
        "1110110001": 4,
        "1110110110": 7,
        "0101011001": 3,
        "1110101010": 8,
        "0001111101": 5,
        "0110111010": 7,
        "1011001011": 14,
        "0101001000": 15,
        "0001000101": 6,
        "0000010110": 2,
        "1000010010": 3,
        "0100010001": 3,
        "0100101110": 4,
        "0110100010": 8,
        "1011101010": 3,
        "1101101011": 9,
        "0100001101": 2,
        "1101000111": 7,
        "1111100001": 4,
        "1111111011": 1,
        "0001011110": 4,
        "1010010000": 3,
        "1111011000": 3,
        "0010011110": 3,
        "0100101101": 2,
        "1100011011": 4,
        "0000001111": 3,
        "0110000011": 12,
        "1001111110": 1,
        "0110011101": 8,
        "1011101000": 3,
        "1111011001": 3,
        "0111101011": 4,
        "1110011100": 12,
        "0110010010": 4,
        "1110111001": 5,
        "0110111000": 2,
        "0010100101": 5,
        "1011110011": 10,
        "1101010100": 1,
        "1011111010": 2,
        "1010101011": 1,
        "0011110001": 6,
        "1011011111": 2,
        "1100111001": 5,
        "1010010010": 4,
        "0010001011": 3,
        "1110101001": 3,
        "1100001011": 3,
        "0111111010": 2,
        "0000001011": 2,
        "1011011100": 3,
        "0111010101": 1,
        "0100010100": 6,
        "1100110101": 1,
        "1001100100": 1,
        "1000010100": 3,
        "1011000000": 10,
        "0001010110": 4,
        "1100100001": 2,
        "1011010010": 3,
        "1000101110": 1,
        "1111101101": 5,
        "1100101001": 1,
        "1110100000": 5,
        "0111010001": 4,
        "1011110000": 7,
        "0111010010": 3,
        "0000001100": 7,
        "1111010100": 3,
        "1100010011": 5,
        "0111000001": 3,
        "1100011000": 2,
        "0101010001": 2,
        "1000111111": 1,
        "1000110001": 6,
        "0110011011": 2,
        "0101111011": 6,
        "0100110100": 4,
        "0111110001": 8,
        "1100101100": 2,
        "0000101110": 2,
        "1000011010": 1,
        "1001111011": 3,
        "1100110110": 2,
        "1000011000": 4,
        "0010100100": 4,
        "1101110111": 6,
        "0011101110": 5,
        "0001101110": 3,
        "1010111010": 5,
        "1100010000": 4,
        "0011000100": 7,
        "0111111001": 2,
        "1001011111": 2,
        "0110010101": 3,
        "1111011010": 5,
        "0110101101": 6,
        "1011000011": 2,
        "1010101010": 2,
        "1100000101": 14,
        "1100111110": 1,
        "0111000110": 2,
        "1000001000": 5,
        "0100011101": 3,
        "0100011100": 2,
        "1100101111": 1,
        "0011010011": 3,
        "1110101011": 1,
        "1000100001": 5,
        "1001010001": 2,
        "0101011000": 2,
        "1011001111": 5,
        "1111101010": 2,
        "1101111001": 3,
        "1101111101": 2,
        "0101100111": 2,
        "0010011001": 4,
        "1001100001": 3,
        "0011100101": 2,
        "1111011101": 2,
        "1011100111": 2,
        "1100000111": 9,
        "0000011101": 3,
        "1000001001": 7,
        "0001100000": 3,
        "1100101101": 3,
        "0011111000": 3,
        "0000101111": 3,
        "1000100000": 3,
        "1110110011": 2,
        "1010001001": 5,
        "1010001100": 4,
        "0110110010": 5,
        "0111000011": 3,
        "1100011101": 3,
        "0100011001": 4,
        "1000000110": 3,
        "1010101111": 5,
        "1001101100": 2,
        "0001011101": 3,
        "0010001100": 2,
        "0001101101": 3,
        "1000101100": 3,
        "1110001001": 1,
        "1111000111": 3,
        "1001000010": 3,
        "1001000001": 2,
        "1110010100": 7,
        "1110001000": 4,
        "1101011011": 1,
        "1111100011": 1,
        "1100101110": 2,
        "1111011111": 3,
        "0001101100": 3,
        "0001111001": 1,
        "0111100011": 1,
        "1100010111": 2,
        "0011110011": 6,
        "1110110010": 2,
        "1000011011": 2,
        "1101011111": 2,
        "1001101110": 3,
        "1101101111": 3,
        "1001100000": 2,
        "1011000101": 4,
        "1011000110": 1,
        "0000101011": 2,
        "1010011111": 5,
        "0100110110": 5,
        "0000010101": 3,
        "1100011010": 2,
        "1010101001": 3,
        "1110001011": 7,
        "1010110011": 2,
        "1111000100": 4,
        "0101100100": 1,
        "1011000010": 2,
        "0101000001": 5,
        "0010010011": 2,
        "0100001110": 2,
        "1110101101": 4,
        "0011010111": 3,
        "1110010111": 5,
        "0000100001": 1,
        "0011010000": 1,
        "1111100111": 1,
        "0111010110": 4,
        "1110011111": 2,
        "0001000001": 2,
        "1110101100": 3,
        "0010010000": 4,
        "0100100010": 2,
        "1100010101": 2,
        "1100011001": 1,
        "1010010110": 4,
        "0101010100": 2,
        "1101101110": 2,
        "1010010001": 1,
        "0111100110": 2,
        "1111010010": 1,
        "1101100011": 1,
        "1011010111": 4,
        "1100100010": 2,
        "1010011001": 3,
        "0010101110": 5,
        "1011011110": 2,
        "1001011010": 2,
        "0101111010": 5,
        "1000101000": 5,
        "0000011110": 2,
        "0101111110": 3,
        "1011100011": 1,
        "1001101000": 2,
        "0000101000": 2,
        "0101010011": 3,
        "0000101001": 2,
        "0001111111": 3,
        "0000010100": 5,
        "0100001010": 5,
        "1101010101": 1,
        "0111011100": 4,
        "1110100100": 2,
        "1000101101": 4,
        "0011011110": 1,
        "1000001011": 1,
        "0001100001": 1,
        "1100011110": 2,
        "0101111000": 2,
        "1101100010": 2,
        "0001011111": 1,
        "0011010001": 5,
        "0110101110": 3,
        "0010110001": 3,
        "0011100110": 1,
        "0010101010": 1,
        "0011100001": 2,
        "1011010011": 4,
        "1100101000": 2,
        "1100001100": 2,
        "0100011000": 1,
        "1101100001": 2,
        "0111111100": 2,
        "0001100101": 2,
        "0011000110": 2,
        "0110001111": 1,
        "1111111100": 1,
        "1110100111": 2,
        "1011000100": 1,
        "1101100111": 1,
        "0111100001": 1,
        "1101011000": 1,
        "1101010010": 1,
        "1100001001": 2,
        "1110111011": 2,
        "0110101011": 4,
        "0110011001": 1,
        "1101101101": 2,
        "0000101101": 1,
        "0010101101": 2,
        "0100101001": 2,
        "0111100101": 2,
        "1011011101": 1,
        "0001100100": 4,
        "1111010101": 3,
        "1101000100": 2,
        "1100001111": 2,
        "0000100011": 1,
        "1000001111": 2,
        "1101010110": 1,
        "1001011000": 1,
        "1000010111": 2,
        "0111111011": 2,
        "1010010011": 1,
        "1101111110": 1,
        "0111011110": 1,
        "0111000111": 2,
        "1111101100": 2,
        "1000010101": 1,
        "0010100111": 1,
        "0110010011": 1,
        "0110101001": 1,
        "1011100000": 1,
        "1101111011": 1,
        "1011111110": 1,
        "0111011111": 1,
        "1100101011": 1,
        "0110010000": 1,
        "1110001111": 1
    }
}