{
    "experiment_name": "Delayed-Choice Entanglement Swapping",
    "raw_counts": {
        "000011": 1851,
        "000100": 1096,
        "100000": 2305,
        "100111": 2123,
        "100100": 2154,
        "100011": 2424,
        "000111": 1184,
        "000000": 1781,
        "110100": 135,
        "110000": 231,
        "010000": 216,
        "010011": 232,
        "110011": 216,
        "100010": 30,
        "110111": 156,
        "000110": 20,
        "000010": 23,
        "010111": 66,
        "100110": 25,
        "010100": 68,
        "000001": 11,
        "100001": 7,
        "100101": 11,
        "000101": 3,
        "110010": 3,
        "001011": 1,
        "001000": 1,
        "101111": 1,
        "010010": 3,
        "110110": 4,
        "010101": 1,
        "110001": 1,
        "010110": 1
    }
}