[
    {
        "step": 0,
        "probability": 0.017740594444764834
    },
    {
        "step": 1,
        "probability": 0.3015287929652608
    },
    {
        "step": 2,
        "probability": 0.007406474922492054
    },
    {
        "step": 3,
        "probability": 0.23148166585928506
    },
    {
        "step": 4,
        "probability": 0.0040274691283822975
    },
    {
        "step": 5,
        "probability": 0.08130306964892338
    },
    {
        "step": 6,
        "probability": 0.0064295718145112694
    },
    {
        "step": 7,
        "probability": 0.046076179791594486
    },
    {
        "step": 8,
        "probability": 2.1128920365602193e-05
    },
    {
        "step": 9,
        "probability": 0.0071669819676907125
    },
    {
        "step": 10,
        "probability": 0.0002872472313082939
    },
    {
        "step": 11,
        "probability": 0.006710559378220636
    },
    {
        "step": 12,
        "probability": 0.0032971840599684728
    },
    {
        "step": 13,
        "probability": 0.016866090930762655
    },
    {
        "step": 14,
        "probability": 0.0026597222886786424
    },
    {
        "step": 15,
        "probability": 0.004753388517202371
    },
    {
        "step": 16,
        "probability": 3.3539022998545997e-07
    },
    {
        "step": 17,
        "probability": 0.0019180862849420895
    },
    {
        "step": 18,
        "probability": 7.598897500596516e-05
    },
    {
        "step": 19,
        "probability": 0.0017413842106683624
    },
    {
        "step": 20,
        "probability": 0.00048011020009794723
    },
    {
        "step": 21,
        "probability": 0.0030127198950289577
    },
    {
        "step": 22,
        "probability": 0.00047897411813878696
    },
    {
        "step": 23,
        "probability": 0.0009110119590255341
    },
    {
        "step": 24,
        "probability": 4.6881116107058884e-05
    },
    {
        "step": 25,
        "probability": 2.682053079352415e-06
    },
    {
        "step": 26,
        "probability": 1.3957498495892619e-06
    },
    {
        "step": 27,
        "probability": 1.4391306874644467e-05
    },
    {
        "step": 28,
        "probability": 0.00076420189095905
    },
    {
        "step": 29,
        "probability": 0.0021021125101886736
    },
    {
        "step": 30,
        "probability": 0.0003539525360187871
    },
    {
        "step": 31,
        "probability": 0.0003968045016621258
    },
    {
        "step": 32,
        "probability": 0.040662484294487794
    },
    {
        "step": 33,
        "probability": 0.07132865092254007
    },
    {
        "step": 34,
        "probability": 0.011614440592195697
    },
    {
        "step": 35,
        "probability": 0.02087174450382924
    },
    {
        "step": 36,
        "probability": 0.015038334600837082
    },
    {
        "step": 37,
        "probability": 0.003408806260172128
    },
    {
        "step": 38,
        "probability": 0.0003748160186900504
    },
    {
        "step": 39,
        "probability": 2.5963077229715886e-06
    },
    {
        "step": 40,
        "probability": 0.002673980187690867
    },
    {
        "step": 41,
        "probability": 0.0024139371742149256
    },
    {
        "step": 42,
        "probability": 0.0004572390412571385
    },
    {
        "step": 43,
        "probability": 0.0005559319044401758
    },
    {
        "step": 44,
        "probability": 0.03584242135830653
    },
    {
        "step": 45,
        "probability": 0.017522876501124638
    },
    {
        "step": 46,
        "probability": 0.0028303127937771115
    },
    {
        "step": 47,
        "probability": 0.0010965164561548852
    },
    {
        "step": 48,
        "probability": 0.0005333278210168743
    },
    {
        "step": 49,
        "probability": 0.0005145237722136409
    },
    {
        "step": 50,
        "probability": 0.00010490170782073303
    },
    {
        "step": 51,
        "probability": 0.00011004307796722772
    },
    {
        "step": 52,
        "probability": 0.005494693845859031
    },
    {
        "step": 53,
        "probability": 0.0027237466871776464
    },
    {
        "step": 54,
        "probability": 0.000445688349559761
    },
    {
        "step": 55,
        "probability": 0.00015220260305324337
    },
    {
        "step": 56,
        "probability": 0.00021025714007584707
    },
    {
        "step": 57,
        "probability": 8.728436040071695e-05
    },
    {
        "step": 58,
        "probability": 9.4394709899337e-06
    },
    {
        "step": 59,
        "probability": 2.7228314343075472e-05
    },
    {
        "step": 60,
        "probability": 0.008049657995950662
    },
    {
        "step": 61,
        "probability": 0.0038665103801885756
    },
    {
        "step": 62,
        "probability": 0.0006294274978402274
    },
    {
        "step": 63,
        "probability": 0.0002888234908121384
    }
]