{
    "0": {
        "11": 1398,
        "01": 2579,
        "10": 2637,
        "00": 1578
    },
    "1024": {
        "10": 1971,
        "01": 2292,
        "11": 2096,
        "00": 1833
    },
    "2048": {
        "00": 3339,
        "10": 978,
        "11": 3227,
        "01": 648
    },
    "4096": {
        "01": 3636,
        "10": 3224,
        "00": 473,
        "11": 859
    },
    "8192": {
        "00": 3678,
        "11": 2721,
        "10": 1357,
        "01": 436
    },
    "16384": {
        "01": 2393,
        "00": 1873,
        "11": 386,
        "10": 3540
    }
}