{
    "experiment": "ECDLP_8pts_Shors_BlochClock_CausalChain",
    "backend": "ibm_torino",
    "physical_qubits": [
        33,
        1,
        38,
        65,
        86,
        118,
        14,
        44,
        12,
        0,
        2
    ],
    "shots": 8192,
    "counts": {
        "001001": 106,
        "010000": 147,
        "000010": 161,
        "011110": 120,
        "011011": 113,
        "011000": 127,
        "000001": 130,
        "000011": 142,
        "010111": 112,
        "101001": 119,
        "100010": 145,
        "001000": 147,
        "010010": 139,
        "111010": 141,
        "101110": 130,
        "110011": 118,
        "110111": 112,
        "100011": 117,
        "001100": 131,
        "010100": 133,
        "010011": 142,
        "111110": 135,
        "011001": 107,
        "111001": 114,
        "011101": 101,
        "100000": 149,
        "000100": 129,
        "111011": 128,
        "101111": 153,
        "100110": 154,
        "001011": 113,
        "111111": 145,
        "011111": 123,
        "000101": 87,
        "010110": 126,
        "110000": 134,
        "001010": 119,
        "100001": 105,
        "000000": 163,
        "110010": 155,
        "010001": 112,
        "001110": 141,
        "100101": 109,
        "101000": 126,
        "100100": 130,
        "101100": 122,
        "001101": 115,
        "010101": 121,
        "000110": 126,
        "101011": 120,
        "110001": 115,
        "011100": 142,
        "001111": 100,
        "110110": 168,
        "111100": 144,
        "101010": 127,
        "011010": 127,
        "111000": 134,
        "110100": 152,
        "000111": 122,
        "111101": 108,
        "100111": 120,
        "110101": 112,
        "101101": 127
    },
    "clock1_counts": {
        "1": 4566,
        "0": 3626
    },
    "clock2_counts": {
        "1": 3987,
        "0": 4205
    }
}