{
    "0": {
        "11": 61,
        "00": 6932,
        "10": 1142,
        "01": 57
    },
    "1024": {
        "00": 6935,
        "10": 1142,
        "11": 48,
        "01": 67
    },
    "2048": {
        "00": 6815,
        "10": 1171,
        "01": 142,
        "11": 64
    },
    "4096": {
        "01": 293,
        "00": 6613,
        "10": 1244,
        "11": 42
    },
    "8192": {
        "11": 103,
        "00": 6120,
        "10": 1165,
        "01": 804
    },
    "16384": {
        "01": 2569,
        "00": 3982,
        "10": 1343,
        "11": 298
    }
}